Date(UTC);Order No.;Pair;Base Asset;Quote Asset;Type;Order Price;Order Amount;AvgTrading Price;Filled;Total;Trigger Condition;Status
2026-02-09 19:53:00;005264855609;BTC/EUR;BTC;EUR;BUY;57650;0.01;57650;0.01;576.5;;Filled
Date(UTC);Trading Price;Filled;Total;Fee;;;;;;;;
2026-02-10 11:44:30;57650;0.01;576.5;0.00082344BNB;;;;;;;;
2026-02-09 12:22:04;005262459208;BTC/EUR;BTC;EUR;BUY;58039;0.0125;58039;0.0125;725.4875;;Filled
Date(UTC);Trading Price;Filled;Total;Fee;;;;;;;;
2026-02-09 12:30:57;58039;0.0125;725.4875;0.00103453BNB;;;;;;;;
2026-02-08 20:35:31;005258561195;BTC/EUR;BTC;EUR;SELL;60500;0.015;60500;0.015;907.5;>= 60500(Time Submitted: 2026-02-08 23:04:16);Filled
Date(UTC);Trading Price;Filled;Total;Fee;;;;;;;;
2026-02-08 23:04:16;60500;0.015;907.5;0.00124094BNB;;;;;;;;
2026-02-08 09:09:38;005256210724;BTC/EUR;BTC;EUR;SELL;60500;0.015;60500;0.015;907.5;>= 60500(Time Submitted: 2026-02-08 13:19:24);Filled
Date(UTC);Trading Price;Filled;Total;Fee;;;;;;;;
2026-02-08 13:19:24;60500;0.015;907.5;0.00124738BNB;;;;;;;;
2026-02-08 08:06:21;005255888376;BTC/EUR;BTC;EUR;SELL;59300;0.01;59300;0.01;593;>= 59300(Time Submitted: 2026-02-08 08:22:52);Filled
Date(UTC);Trading Price;Filled;Total;Fee;;;;;;;;
2026-02-08 08:22:52;59300;0.0086;509.98;0.0007017BNB;;;;;;;;
2026-02-08 08:22:52;59300;0.0014;83.02;0.00011422BNB;;;;;;;;
2026-02-07 08:19:03;005251106538;BTC/EUR;BTC;EUR;BUY;0.0;0.00938;57794.2;0.00938;542.109596;;Filled
Date(UTC);Trading Price;Filled;Total;Fee;;;;;;;;
2026-02-07 08:19:03;57794.2;0.00938;542.109596;0.00071432BNB;;;;;;;;
2026-02-07 06:31:08;005250029260;BTC/EUR;BTC;EUR;SELL;0.0;0.0139;59591.62978418;0.0139;828.323654;;Filled
Date(UTC);Trading Price;Filled;Total;Fee;;;;;;;;
2026-02-07 06:31:08;59595.3;0.00479;285.461487;0.00036724BNB;;;;;;;;
2026-02-07 06:31:08;59589.7;0.00911;542.862167;0.00069838BNB;;;;;;;;
2026-02-06 11:52:55;005243312805;BTC/EUR;BTC;EUR;BUY;0.0;0.01;56398.12;0.01;563.9812;;Filled
Date(UTC);Trading Price;Filled;Total;Fee;;;;;;;;
2026-02-06 11:52:55;56398.12;0.00694;391.4029528;0.00051607BNB;;;;;;;;
2026-02-06 11:52:55;56398.12;0.00306;172.5782472;0.00022788BNB;;;;;;;;
2026-02-05 16:02:54;005232587359;BTC/EUR;BTC;EUR;BUY;0.0;0.00394;57257.4;0.00394;225.594156;;Filled
Date(UTC);Trading Price;Filled;Total;Fee;;;;;;;;
2026-02-05 16:02:54;57257.4;0.00182;104.208468;0.00000173BTC;;;;;;;;
2026-02-05 16:02:54;57257.4;0.00212;121.385688;0.00000201BTC;;;;;;;;
2026-02-05 14:30:38;005231160833;BTC/EUR;BTC;EUR;BUY;59287.64;0.01;59287.64;0.01;592.8764;;Filled
Date(UTC);Trading Price;Filled;Total;Fee;;;;;;;;
2026-02-05 14:30:39;59287.64;0.00724;429.2425136;0.00000724BTC;;;;;;;;
2026-02-05 14:30:39;59287.64;0.00276;163.6338864;0.00000276BTC;;;;;;;;
2026-02-05 14:30:28;005231158319;BTC/EUR;BTC;EUR;BUY;59316.17;0.01;59265.31;0.01;592.6531;;Filled
Date(UTC);Trading Price;Filled;Total;Fee;;;;;;;;
2026-02-05 14:30:28;59265.31;0.00284;168.3134804;0.0000027BTC;;;;;;;;
2026-02-05 14:30:28;59265.31;0.00716;424.3396196;0.0000068BTC;;;;;;;;
2026-02-05 14:23:02;005231106483;BTC/EUR;BTC;EUR;BUY;0.0;0.01;59089.76;0.01;590.8976;;Filled
Date(UTC);Trading Price;Filled;Total;Fee;;;;;;;;
2026-02-05 14:23:02;59089.76;0.01;590.8976;0.0000095BTC;;;;;;;;
2026-02-04 14:16:33;005221968427;BTC/EUR;BTC;EUR;BUY;63000;0.01014;63000;0.01014;638.82;;Filled
Date(UTC);Trading Price;Filled;Total;Fee;;;;;;;;
2026-02-04 14:57:57;63000;0.01014;638.82;0.00001014BTC;;;;;;;;
2026-02-03 19:23:51;005218348240;BTC/EUR;BTC;EUR;SELL;64650;0.01;64650;0.01;646.5;>= 64650(Time Submitted: 2026-02-03 20:32:03);Filled
Date(UTC);Trading Price;Filled;Total;Fee;;;;;;;;
2026-02-03 20:32:03;64650;0.0048;310.32;0.31032EUR;;;;;;;;
2026-02-03 20:32:03;64650;0.0048;310.32;0.31032EUR;;;;;;;;
2026-02-03 20:32:03;64650;0.0004;25.86;0.02586EUR;;;;;;;;
2026-02-03 17:51:21;005217665730;BTC/EUR;BTC;EUR;BUY;63400;0.01309;63400;0.01309;829.906;;Filled
Date(UTC);Trading Price;Filled;Total;Fee;;;;;;;;
2026-02-03 17:55:33;63400;0.01309;829.906;0.00001309BTC;;;;;;;;
2026-02-03 14:50:21;005216506621;BTC/EUR;BTC;EUR;BUY;66000;0.01;66000;0.01;660;;Filled
Date(UTC);Trading Price;Filled;Total;Fee;;;;;;;;
2026-02-03 14:50:31;66000;0.01;660;0.00001BTC;;;;;;;;
2026-02-03 12:17:11;005215991277;BTC/EUR;BTC;EUR;BUY;66155.46;0.01;66155.46;0.01;661.5546;;Filled
Date(UTC);Trading Price;Filled;Total;Fee;;;;;;;;
2026-02-03 14:33:52;66155.46;0.01;661.5546;0.00001BTC;;;;;;;;
2026-02-03 06:19:22;005215026685;BTC/EUR;BTC;EUR;BUY;66200;0.01;66200;0.01;662;;Filled
Date(UTC);Trading Price;Filled;Total;Fee;;;;;;;;
2026-02-03 09:13:26;66200;0.00074;48.988;0.00000074BTC;;;;;;;;
2026-02-03 09:13:26;66200;0.00077;50.974;0.00000077BTC;;;;;;;;
2026-02-03 09:13:26;66200;0.00077;50.974;0.00000077BTC;;;;;;;;
2026-02-03 09:13:26;66200;0.00077;50.974;0.00000077BTC;;;;;;;;
2026-02-03 09:13:26;66200;0.00077;50.974;0.00000077BTC;;;;;;;;
2026-02-03 09:13:26;66200;0.00044;29.128;0.00000044BTC;;;;;;;;
2026-02-03 09:13:26;66200;0.00047;31.114;0.00000047BTC;;;;;;;;
2026-02-03 09:13:26;66200;0.00047;31.114;0.00000047BTC;;;;;;;;
2026-02-03 09:13:26;66200;0.00047;31.114;0.00000047BTC;;;;;;;;
2026-02-03 09:13:26;66200;0.00047;31.114;0.00000047BTC;;;;;;;;
2026-02-03 09:13:26;66200;0.0008;52.96;0.0000008BTC;;;;;;;;
2026-02-03 09:13:26;66200;0.0008;52.96;0.0000008BTC;;;;;;;;
2026-02-03 09:13:26;66200;0.0008;52.96;0.0000008BTC;;;;;;;;
2026-02-03 09:13:26;66200;0.0008;52.96;0.0000008BTC;;;;;;;;
2026-02-03 09:13:26;66200;0.00066;43.692;0.00000066BTC;;;;;;;;
2026-02-02 06:06:59;005209851957;BTC/EUR;BTC;EUR;BUY;63500;0.01;63500;0.01;635;;Filled
Date(UTC);Trading Price;Filled;Total;Fee;;;;;;;;
2026-02-02 06:34:58;63500;0.01;635;0.00001BTC;;;;;;;;
2026-01-31 21:15:24;005203171886;BTC/EUR;BTC;EUR;BUY;64500;0.05136;64500;0.05136;3312.72;;Filled
Date(UTC);Trading Price;Filled;Total;Fee;;;;;;;;
2026-02-01 21:56:24;64500;0.05136;3312.72;0.00005136BTC;;;;;;;;
2026-01-31 16:52:32;005201307043;BTC/EUR;BTC;EUR;SELL;65500;0.10332;65500;0.10332;6767.46;<= 65500(Time Submitted: 2026-01-31 18:38:01);Filled
Date(UTC);Trading Price;Filled;Total;Fee;;;;;;;;
2026-01-31 18:38:01;65500;0.00727;476.185;0.45237575EUR;;;;;;;;
2026-01-31 18:38:01;65500;0.00152;99.56;0.094582EUR;;;;;;;;
2026-01-31 18:38:01;65500;0.00381;249.555;0.23707725EUR;;;;;;;;
2026-01-31 18:38:01;65500;0.00458;299.99;0.2849905EUR;;;;;;;;
2026-01-31 18:38:01;65500;0.00726;475.53;0.4517535EUR;;;;;;;;
2026-01-31 18:38:01;65500;0.01526;999.53;0.9495535EUR;;;;;;;;
2026-01-31 18:38:01;65500;0.00152;99.56;0.094582EUR;;;;;;;;
2026-01-31 18:38:01;65500;0.00764;500.42;0.475399EUR;;;;;;;;
2026-01-31 18:38:01;65500;0.00305;199.775;0.18978625EUR;;;;;;;;
2026-01-31 18:38:01;65500;0.0003;19.65;0.00002139BNB;;;;;;;;
2026-01-31 18:38:01;65500;0.01526;999.53;0.9495535EUR;;;;;;;;
2026-01-31 18:38:01;65500;0.00626;410.03;0.3895285EUR;;;;;;;;
2026-01-31 18:38:01;65500;0.02959;1938.145;1.84123775EUR;;;;;;;;
2026-01-31 13:55:44;005200219004;BTC/EUR;BTC;EUR;BUY;68500;0.00571;68500;0.00571;391.135;;Filled
Date(UTC);Trading Price;Filled;Total;Fee;;;;;;;;
2026-01-31 14:31:16;68500;0.00571;391.135;0.00000571BTC;;;;;;;;
2026-01-31 11:39:24;005199929574;BTC/EUR;BTC;EUR;BUY;69995;0.01;69995;0.01;699.95;;Filled
Date(UTC);Trading Price;Filled;Total;Fee;;;;;;;;
2026-01-31 11:39:36;69995;0.00931;651.65345;0.00000931BTC;;;;;;;;
2026-01-31 11:39:36;69995;0.00069;48.29655;0.00005129BNB;;;;;;;;
2026-01-31 08:34:53;005199538470;BTC/EUR;BTC;EUR;BUY;69000;0.01;69000;0.01;690;;Filled
Date(UTC);Trading Price;Filled;Total;Fee;;;;;;;;
2026-01-31 14:26:30;69000;0.01;690;0.00001BTC;;;;;;;;
2026-01-31 08:34:32;005199537048;BTC/EUR;BTC;EUR;BUY;69500;0.01;69500;0.01;695;;Filled
Date(UTC);Trading Price;Filled;Total;Fee;;;;;;;;
2026-01-31 14:10:55;69500;0.00754;524.03;0.00000754BTC;;;;;;;;
2026-01-31 14:10:55;69500;0.00246;170.97;0.00000246BTC;;;;;;;;
2026-01-30 21:10:45;005198755269;BTC/EUR;BTC;EUR;SELL;70600;0.01;70675.8;0.01;706.758;>= 70600(Time Submitted: 2026-01-30 21:11:16);Filled
Date(UTC);Trading Price;Filled;Total;Fee;;;;;;;;
2026-01-30 21:11:16;70675.8;0.0001;7.06758;0.00000698BNB;;;;;;;;
2026-01-30 21:11:16;70675.8;0.00179;126.509682;0.1201842EUR;;;;;;;;
2026-01-30 21:11:16;70675.8;0.00811;573.180738;0.5445217EUR;;;;;;;;
2026-01-30 21:05:37;005198743247;BTC/EUR;BTC;EUR;SELL;71000;0.015;71000;0.015;1065;>= 71000(Time Submitted: 2026-01-30 21:16:58);Filled
Date(UTC);Trading Price;Filled;Total;Fee;;;;;;;;
2026-01-30 21:16:59;71000;0.00438;310.98;0.31098EUR;;;;;;;;
2026-01-30 21:16:59;71000;0.00507;359.97;0.35997EUR;;;;;;;;
2026-01-30 21:16:59;71000;0.00426;302.46;0.30246EUR;;;;;;;;
2026-01-30 21:16:59;71000;0.00129;91.59;0.09159EUR;;;;;;;;
2026-01-30 21:03:38;005198739152;BTC/EUR;BTC;EUR;SELL;70635.18;0.01;70650.06;0.01;706.5006;;Filled
Date(UTC);Trading Price;Filled;Total;Fee;;;;;;;;
2026-01-30 21:03:38;70650.06;0.0001;7.065006;0.00000699BNB;;;;;;;;
2026-01-30 21:03:38;70650.06;0.0099;699.435594;0.66446381EUR;;;;;;;;
2026-01-29 22:01:32;005193992577;BTC/EUR;BTC;EUR;BUY;69000;0.00816;69000;0.00816;563.04;;Filled
Date(UTC);Trading Price;Filled;Total;Fee;;;;;;;;
2026-01-30 01:39:44;69000;0.00816;563.04;0.00000816BTC;;;;;;;;
2026-01-29 21:34:08;005193951123;BTC/EUR;BTC;EUR;SELL;70450;0.008;70461.4;0.008;563.6912;>= 70450(Time Submitted: 2026-01-29 21:38:29);Filled
Date(UTC);Trading Price;Filled;Total;Fee;;;;;;;;
2026-01-29 21:38:29;70461.4;0.00489;344.556246;0.32732843EUR;;;;;;;;
2026-01-29 21:38:29;70461.4;0.00311;219.134954;0.20817821EUR;;;;;;;;
2026-01-29 15:38:51;005192404102;BTC/EUR;BTC;EUR;BUY;70050;0.00617;70050;0.00617;432.2085;;Filled
Date(UTC);Trading Price;Filled;Total;Fee;;;;;;;;
2026-01-29 18:26:53;70050;0.00617;432.2085;0.00000617BTC;;;;;;;;
2026-01-29 15:38:28;005192401278;BTC/EUR;BTC;EUR;BUY;71000;0.01;71000;0.01;710;;Filled
Date(UTC);Trading Price;Filled;Total;Fee;;;;;;;;
2026-01-29 15:40:41;71000;0.01;710;0.00001BTC;;;;;;;;
2026-01-29 14:37:41;005191926660;BTC/EUR;BTC;EUR;BUY;72500;0.015;72500;0.015;1087.5;;Filled
Date(UTC);Trading Price;Filled;Total;Fee;;;;;;;;
2026-01-29 15:00:19;72500;0.015;1087.5;0.000015BTC;;;;;;;;
2026-01-29 10:26:24;005191531130;BTC/EUR;BTC;EUR;BUY;73400;0.01;73400;0.01;734;;Filled
Date(UTC);Trading Price;Filled;Total;Fee;;;;;;;;
2026-01-29 11:24:48;73400;0.01;734;0.0007376BNB;;;;;;;;
2026-01-29 07:05:07;005191235484;BTC/EUR;BTC;EUR;BUY;0.0;0.01;73600.82;0.01;736.0082;;Filled
Date(UTC);Trading Price;Filled;Total;Fee;;;;;;;;
2026-01-29 07:05:07;73600.82;0.01;736.0082;0.00069777BNB;;;;;;;;
2026-01-28 20:51:17;005190108665;BTC/EUR;BTC;EUR;BUY;74050;0.01;74050;0.01;740.5;;Filled
Date(UTC);Trading Price;Filled;Total;Fee;;;;;;;;
2026-01-29 01:27:11;74050;0.01;740.5;0.00073986BNB;;;;;;;;
2026-01-28 20:01:19;005189963741;BTC/EUR;BTC;EUR;BUY;74700;0.01;74700;0.01;747;;Filled
Date(UTC);Trading Price;Filled;Total;Fee;;;;;;;;
2026-01-28 20:37:32;74700;0.00383;286.101;0.00028378BNB;;;;;;;;
2026-01-28 20:37:32;74700;0.00429;320.463;0.00031786BNB;;;;;;;;
2026-01-28 20:37:32;74700;0.00188;140.436;0.00013929BNB;;;;;;;;
2026-01-28 19:42:36;005189893581;BTC/EUR;BTC;EUR;BUY;74500;0.01;74500;0.01;745;<= 74500(Time Submitted: 2026-01-28 20:49:13);Filled
Date(UTC);Trading Price;Filled;Total;Fee;;;;;;;;
2026-01-28 20:49:22;74500;0.00231;172.095;0.00017095BNB;;;;;;;;
2026-01-28 20:49:22;74500;0.00769;572.905;0.00056912BNB;;;;;;;;
2026-01-28 10:47:19;005187879714;BTC/EUR;BTC;EUR;SELL;74750;0.01;74750;0.01;747.5;>= 74750(Time Submitted: 2026-01-28 11:40:40);Filled
Date(UTC);Trading Price;Filled;Total;Fee;;;;;;;;
2026-01-28 11:40:40;74750;0.01;747.5;0.00074277BNB;;;;;;;;
2026-01-28 09:49:27;005187735330;BTC/EUR;BTC;EUR;SELL;0.0;0.01;74402.86;0.01;744.0286;;Filled
Date(UTC);Trading Price;Filled;Total;Fee;;;;;;;;
2026-01-28 09:49:27;74402.86;0.01;744.0286;0.00070091BNB;;;;;;;;
2026-01-28 06:32:56;005187368052;BTC/EUR;BTC;EUR;SELL;74399;0.01;74399.99;0.01;743.9999;>= 74399(Time Submitted: 2026-01-28 06:51:57);Filled
Date(UTC);Trading Price;Filled;Total;Fee;;;;;;;;
2026-01-28 06:51:57;74399.99;0.00299;222.4559701;0.0002106BNB;;;;;;;;
2026-01-28 06:51:57;74399.99;0.00701;521.5439299;0.00049377BNB;;;;;;;;
2026-01-27 09:55:25;005184480298;BTC/EUR;BTC;EUR;BUY;73671.1;0.00756;73671.1;0.00756;556.953516;;Filled
Date(UTC);Trading Price;Filled;Total;Fee;;;;;;;;
2026-01-27 13:01:07;73671.1;0.00261;192.281571;0.00019559BNB;;;;;;;;
2026-01-27 13:01:14;73671.1;0.00055;40.519105;0.00004121BNB;;;;;;;;
2026-01-27 13:01:14;73671.1;0.00055;40.519105;0.00004121BNB;;;;;;;;
2026-01-27 13:01:14;73671.1;0.00055;40.519105;0.00004121BNB;;;;;;;;
2026-01-27 13:01:14;73671.1;0.00055;40.519105;0.00004121BNB;;;;;;;;
2026-01-27 13:01:14;73671.1;0.00055;40.519105;0.00004121BNB;;;;;;;;
2026-01-27 13:01:14;73671.1;0.00058;42.729238;0.00004346BNB;;;;;;;;
2026-01-27 13:01:14;73671.1;0.00055;40.519105;0.00004121BNB;;;;;;;;
2026-01-27 13:01:14;73671.1;0.00058;42.729238;0.00004346BNB;;;;;;;;
2026-01-27 13:01:14;73671.1;0.00049;36.098839;0.00003672BNB;;;;;;;;
2026-01-26 20:27:16;005183347278;BTC/EUR;BTC;EUR;SELL;73200;0.02;73200;0.02;1464;<= 73200(Time Submitted: 2026-01-27 15:01:51);Filled
Date(UTC);Trading Price;Filled;Total;Fee;;;;;;;;
2026-01-27 15:01:51;73200;0.02;1464;0.00141527BNB;;;;;;;;
2026-01-26 19:52:00;005183276827;BTC/EUR;BTC;EUR;SELL;74600;0.0125;74600;0.0125;932.5;>= 74600(Time Submitted: 2026-01-27 01:37:58);Filled
Date(UTC);Trading Price;Filled;Total;Fee;;;;;;;;
2026-01-27 01:37:58;74600;0.0125;932.5;0.00094482BNB;;;;;;;;
2026-01-26 19:51:09;005183275575;BTC/EUR;BTC;EUR;SELL;74333;0.01;74333.0325;0.01;743.330325;>= 74333(Time Submitted: 2026-01-26 23:25:38);Filled
Date(UTC);Trading Price;Filled;Total;Fee;;;;;;;;
2026-01-26 23:25:38;74333.11;0.00225;167.2494975;0.00016126BNB;;;;;;;;
2026-01-26 23:25:38;74333.01;0.00775;576.0808275;0.00055548BNB;;;;;;;;
2026-01-26 19:42:58;005183260316;BTC/EUR;BTC;EUR;SELL;0.0;0.0075;74297.01;0.0075;557.227575;;Filled
Date(UTC);Trading Price;Filled;Total;Fee;;;;;;;;
2026-01-26 19:42:58;74297.01;0.0075;557.227575;0.00053834BNB;;;;;;;;
2026-01-26 18:55:45;005183143216;BTC/EUR;BTC;EUR;SELL;0.0;0.0075;74170.79;0.0075;556.280925;;Filled
Date(UTC);Trading Price;Filled;Total;Fee;;;;;;;;
2026-01-26 18:55:45;74170.79;0.0075;556.280925;0.00053727BNB;;;;;;;;
2026-01-26 15:46:04;005182462162;BTC/EUR;BTC;EUR;BUY;73428.34;0.007;73428.34;0.007;513.99838;;Filled
Date(UTC);Trading Price;Filled;Total;Fee;;;;;;;;
2026-01-26 15:47:05;73428.34;0.00348;255.5306232;0.0002622BNB;;;;;;;;
2026-01-26 15:47:05;73428.34;0.0035;256.99919;0.0002637BNB;;;;;;;;
2026-01-26 15:47:05;73428.34;0.00002;1.4685668;0.0000015BNB;;;;;;;;
2026-01-26 14:29:49;005181997682;BTC/EUR;BTC;EUR;BUY;73750;0.00817;73750;0.00817;602.5375;;Filled
Date(UTC);Trading Price;Filled;Total;Fee;;;;;;;;
2026-01-26 14:30:21;73750;0.00019;14.0125;0.00001434BNB;;;;;;;;
2026-01-26 14:30:21;73750;0.00165;121.6875;0.00012454BNB;;;;;;;;
2026-01-26 14:30:21;73750;0.00165;121.6875;0.00012454BNB;;;;;;;;
2026-01-26 14:30:21;73750;0.00165;121.6875;0.00012454BNB;;;;;;;;
2026-01-26 14:30:21;73750;0.00165;121.6875;0.00012454BNB;;;;;;;;
2026-01-26 14:30:21;73750;0.00059;43.5125;0.00004453BNB;;;;;;;;
2026-01-26 14:30:21;73750;0.00059;43.5125;0.00004453BNB;;;;;;;;
2026-01-26 14:30:21;73750;0.0002;14.75;0.00001509BNB;;;;;;;;
2026-01-26 13:36:32;005181888858;BTC/EUR;BTC;EUR;BUY;74200;0.005;74200;0.005;371;;Filled
Date(UTC);Trading Price;Filled;Total;Fee;;;;;;;;
2026-01-26 13:37:03;74200;0.005;371;0.0003779BNB;;;;;;;;
2026-01-26 09:03:38;005181511817;BTC/EUR;BTC;EUR;BUY;74033;0.00705;74002.32;0.00705;521.716356;;Filled
Date(UTC);Trading Price;Filled;Total;Fee;;;;;;;;
2026-01-26 09:03:38;74002.32;0.00705;521.716356;0.00050624BNB;;;;;;;;
2026-01-25 17:50:58;005179033448;BTC/EUR;BTC;EUR;BUY;74208.31;0.015;74208.31;0.015;1113.12465;;Filled
Date(UTC);Trading Price;Filled;Total;Fee;;;;;;;;
2026-01-25 17:50:59;74208.31;0.015;1113.12465;0.00113716BNB;;;;;;;;
2026-01-25 17:39:49;005179014345;BTC/EUR;BTC;EUR;BUY;72500;0.02;72500;0.02;1450;;Filled
Date(UTC);Trading Price;Filled;Total;Fee;;;;;;;;
2026-01-25 23:00:43;72500;0.01091;790.975;0.00082029BNB;;;;;;;;
2026-01-25 23:00:43;72500;0.00909;659.025;0.00068345BNB;;;;;;;;
2026-01-25 00:07:46;005177755758;BTC/EUR;BTC;EUR;BUY;75400;0.01;75394.25;0.01;753.9425;;Filled
Date(UTC);Trading Price;Filled;Total;Fee;;;;;;;;
2026-01-25 00:07:46;75394.25;0.01;753.9425;0.00071658BNB;;;;;;;;
2026-01-24 12:06:45;005177332685;BTC/EUR;BTC;EUR;SELL;74550;0.03294;74550;0.03294;2455.677;<= 74550(Time Submitted: 2026-01-25 08:41:18);Filled
Date(UTC);Trading Price;Filled;Total;Fee;;;;;;;;
2026-01-25 08:41:21;74550;0.02839;2116.4745;0.00214053BNB;;;;;;;;
2026-01-25 08:41:21;74550;0.0045;335.475;0.00033928BNB;;;;;;;;
2026-01-25 08:41:25;74550;0.00005;3.7275;0.00000376BNB;;;;;;;;
2026-01-23 21:14:44;005176738775;BTC/EUR;BTC;EUR;BUY;75750;0.01;75696.78;0.01;756.9678;;Filled
Date(UTC);Trading Price;Filled;Total;Fee;;;;;;;;
2026-01-23 21:14:44;75696.78;0.00132;99.9197496;0.00009423BNB;;;;;;;;
2026-01-23 21:14:44;75696.78;0.00868;657.0480504;0.00062198BNB;;;;;;;;
2026-01-23 16:07:19;005175703423;BTC/EUR;BTC;EUR;SELL;76550;0.01;76571.41;0.01;765.7141;>= 76570.41(Time Submitted: 2026-01-23 16:37:50);Filled
Date(UTC);Trading Price;Filled;Total;Fee;;;;;;;;
2026-01-23 16:37:50;76571.41;0.01;765.7141;0.0007175BNB;;;;;;;;
2026-01-23 12:08:19;005175019141;BTC/EUR;BTC;EUR;BUY;75614.3;0.01;75614.3;0.01;756.143;;Filled
Date(UTC);Trading Price;Filled;Total;Fee;;;;;;;;
2026-01-23 14:37:51;75614.3;0.01;756.143;0.00075308BNB;;;;;;;;
2026-01-23 08:36:57;005174661252;BTC/EUR;BTC;EUR;SELL;76400;0.01;76400;0.01;764;>= 76400(Time Submitted: 2026-01-23 16:04:22);Filled
Date(UTC);Trading Price;Filled;Total;Fee;;;;;;;;
2026-01-23 16:04:22;76400;0.01;764;0.00075532BNB;;;;;;;;
2026-01-23 01:47:11;005174073743;BTC/EUR;BTC;EUR;SELL;77000;0.01;77000;0.01;770;>= 77000(Time Submitted: 2026-01-23 17:29:16);Filled
Date(UTC);Trading Price;Filled;Total;Fee;;;;;;;;
2026-01-23 17:29:16;77000;0.00007;5.39;0.00000528BNB;;;;;;;;
2026-01-23 17:29:16;77000;0.00993;764.61;0.00075108BNB;;;;;;;;
2026-01-22 15:49:33;005172766408;BTC/EUR;BTC;EUR;BUY;75500;0.01;75500;0.01;755;;Filled
Date(UTC);Trading Price;Filled;Total;Fee;;;;;;;;
2026-01-22 16:17:54;75500;0.01;755;0.00075391BNB;;;;;;;;
2026-01-22 10:50:40;005171913524;BTC/EUR;BTC;EUR;SELL;77000;0.01;77000;0.01;770;<= 77000(Time Submitted: 2026-01-22 10:50:45);Filled
Date(UTC);Trading Price;Filled;Total;Fee;;;;;;;;
2026-01-22 10:53:59;77000;0.00867;667.59;0.00065331BNB;;;;;;;;
2026-01-22 10:53:59;77000;0.00133;102.41;0.00010021BNB;;;;;;;;
2026-01-21 21:40:19;005170720956;BTC/EUR;BTC;EUR;SELL;77300;0.01;77300;0.01;773;>= 77300(Time Submitted: 2026-01-21 22:11:47);Filled
Date(UTC);Trading Price;Filled;Total;Fee;;;;;;;;
2026-01-21 22:11:47;77300;0.01;773;0.00076036BNB;;;;;;;;
2026-01-21 20:45:45;005170615232;BTC/EUR;BTC;EUR;BUY;0.0;0.00791;77006.43;0.00791;609.1208613;;Filled
Date(UTC);Trading Price;Filled;Total;Fee;;;;;;;;
2026-01-21 20:45:45;77006.43;0.00209;160.9434387;0.00015168BNB;;;;;;;;
2026-01-21 20:45:45;77006.43;0.00582;448.1774226;0.00042153BNB;;;;;;;;
2026-01-21 18:34:08;005170014915;BTC/EUR;BTC;EUR;SELL;76000;0.025;76214.03;0.025;1905.35075;>= 76220.3(Time Submitted: 2026-01-21 19:28:04);Filled
Date(UTC);Trading Price;Filled;Total;Fee;;;;;;;;
2026-01-21 19:28:04;76214.03;0.025;1905.35075;0.00181925BNB;;;;;;;;
2026-01-21 00:21:00;005166879776;BTC/EUR;BTC;EUR;BUY;74900;0.02495;74900;0.02495;1868.755;;Filled
Date(UTC);Trading Price;Filled;Total;Fee;;;;;;;;
2026-01-21 16:57:50;74900;0.02257;1690.493;0.00170915BNB;;;;;;;;
2026-01-21 16:57:51;74900;0.00079;59.171;0.00005982BNB;;;;;;;;
2026-01-21 16:57:51;74900;0.00159;119.091;0.0001204BNB;;;;;;;;
2026-01-20 21:16:51;005166553205;BTC/EUR;BTC;EUR;BUY;0.0;0.01157;76485.52;0.01157;884.9374664;;Filled
Date(UTC);Trading Price;Filled;Total;Fee;;;;;;;;
2026-01-20 21:16:51;76485.52;0.00456;348.7739712;0.00032549BNB;;;;;;;;
2026-01-20 21:16:51;76485.52;0.00456;348.7739712;0.00032549BNB;;;;;;;;
2026-01-20 21:16:51;76485.52;0.00245;187.389524;0.00017514BNB;;;;;;;;
2026-01-20 17:41:35;005165991776;BTC/EUR;BTC;EUR;BUY;75702.89;0.01;75702.89;0.01;757.0289;;Filled
Date(UTC);Trading Price;Filled;Total;Fee;;;;;;;;
2026-01-20 22:33:29;75702.89;0.00851;644.2315939;0.00063825BNB;;;;;;;;
2026-01-20 22:33:29;75702.89;0.00149;112.7973061;0.00011175BNB;;;;;;;;
2026-01-20 15:20:50;005165444563;BTC/EUR;BTC;EUR;BUY;76609.53;0.01;76609.53;0.01;766.0953;;Filled
Date(UTC);Trading Price;Filled;Total;Fee;;;;;;;;
2026-01-20 17:34:56;76609.53;0.0029;222.167637;0.00021918BNB;;;;;;;;
2026-01-20 17:34:56;76609.53;0.00388;297.2449764;0.00029325BNB;;;;;;;;
2026-01-20 17:34:56;76609.53;0.00322;246.6826866;0.00024336BNB;;;;;;;;
2026-01-20 09:17:10;005164471282;BTC/EUR;BTC;EUR;BUY;77327.65;0.01;77327.65;0.01;773.2765;;Filled
Date(UTC);Trading Price;Filled;Total;Fee;;;;;;;;
2026-01-20 09:34:00;77327.65;0.01;773.2765;0.00074715BNB;;;;;;;;
2026-01-19 22:18:10;005163033742;BTC/EUR;BTC;EUR;BUY;78400;0.03;78400;0.03;2352;;Filled
Date(UTC);Trading Price;Filled;Total;Fee;;;;;;;;
2026-01-20 05:11:32;78400;0.03;2352;0.00223458BNB;;;;;;;;
2026-01-19 22:07:23;005163013501;BTC/EUR;BTC;EUR;SELL;79600;0.06;79600;0.06;4776;<= 79600(Time Submitted: 2026-01-19 22:13:35);Filled
Date(UTC);Trading Price;Filled;Total;Fee;;;;;;;;
2026-01-19 22:13:35;79600;0.0022;175.12;0.00015735BNB;;;;;;;;
2026-01-19 22:13:35;79600;0.01231;979.876;0.0008805BNB;;;;;;;;
2026-01-19 22:13:35;79600;0.00009;7.164;0.00000643BNB;;;;;;;;
2026-01-19 22:13:35;79600;0.00019;15.124;0.00001359BNB;;;;;;;;
2026-01-19 22:13:35;79600;0.00013;10.348;0.00000929BNB;;;;;;;;
2026-01-19 22:13:35;79600;0.00022;17.512;0.00001573BNB;;;;;;;;
2026-01-19 22:13:35;79600;0.00018;14.328;0.00001287BNB;;;;;;;;
2026-01-19 22:13:35;79600;0.00043;34.228;0.00003075BNB;;;;;;;;
2026-01-19 22:13:35;79600;0.00628;499.888;0.00044919BNB;;;;;;;;
2026-01-19 22:13:35;79600;0.0006;47.76;0.00004291BNB;;;;;;;;
2026-01-19 22:13:35;79600;0.00062;49.352;0.00004434BNB;;;;;;;;
2026-01-19 22:13:35;79600;0.0005;39.8;0.00003576BNB;;;;;;;;
2026-01-19 22:13:35;79600;0.03625;2885.5;0.00259287BNB;;;;;;;;
2026-01-18 19:21:28;005160415831;BTC/EUR;BTC;EUR;BUY;79500;0.02;79500;0.02;1590;;Filled
Date(UTC);Trading Price;Filled;Total;Fee;;;;;;;;
2026-01-19 00:02:04;79500;0.02;1590;0.00150981BNB;;;;;;;;
2026-01-18 19:09:30;005160406036;BTC/EUR;BTC;EUR;BUY;81500;0.007;81500;0.007;570.5;;Filled
Date(UTC);Trading Price;Filled;Total;Fee;;;;;;;;
2026-01-18 23:29:40;81500;0.00475;387.125;0.00035799BNB;;;;;;;;
2026-01-18 23:29:40;81500;0.00225;183.375;0.00016957BNB;;;;;;;;
2026-01-18 19:02:42;005160399416;BTC/EUR;BTC;EUR;SELL;82400;0.007;82400;0.007;576.8;>= 82400(Time Submitted: 2026-01-18 22:13:05);Filled
Date(UTC);Trading Price;Filled;Total;Fee;;;;;;;;
2026-01-18 22:13:07;82400;0.007;576.8;0.00052707BNB;;;;;;;;
2026-01-18 17:37:33;005160326979;BTC/EUR;BTC;EUR;SELL;82177;0.007;82177.81;0.007;575.24467;>= 82177(Time Submitted: 2026-01-18 18:00:08);Filled
Date(UTC);Trading Price;Filled;Total;Fee;;;;;;;;
2026-01-18 18:00:08;82177.81;0.007;575.24467;0.00049953BNB;;;;;;;;
2026-01-18 16:42:32;005160287018;BTC/EUR;BTC;EUR;BUY;80907.39;0.02;80907.39;0.02;1618.1478;;Filled
Date(UTC);Trading Price;Filled;Total;Fee;;;;;;;;
2026-01-18 23:46:26;80907.39;0.02;1618.1478;0.00150708BNB;;;;;;;;
2026-01-18 11:40:46;005160043387;BTC/EUR;BTC;EUR;BUY;81930;0.0061;81930;0.0061;499.773;;Filled
Date(UTC);Trading Price;Filled;Total;Fee;;;;;;;;
2026-01-18 13:21:20;81930;0.0061;499.773;0.00045882BNB;;;;;;;;
2026-01-18 11:40:46;005160043388;BTC/EUR;BTC;EUR;SELL;82200;0.0061;82200;0.0061;501.42;;Filled
Date(UTC);Trading Price;Filled;Total;Fee;;;;;;;;
2026-01-18 13:53:27;82200;0.0061;501.42;0.00046032BNB;;;;;;;;
2026-01-18 09:04:08;005159947003;BTC/EUR;BTC;EUR;SELL;81120;0.00616;82129.99;0.00616;505.9207384;>= 82120(Time Submitted: 2026-01-18 09:10:04);Filled
Date(UTC);Trading Price;Filled;Total;Fee;;;;;;;;
2026-01-18 09:10:04;82129.99;0.00616;505.9207384;0.00044127BNB;;;;;;;;
2026-01-17 22:39:41;005159576612;BTC/EUR;BTC;EUR;BUY;82000;0.00609;82000;0.00609;499.38;<= 82000(Time Submitted: 2026-01-18 01:05:33);Filled
Date(UTC);Trading Price;Filled;Total;Fee;;;;;;;;
2026-01-18 01:05:34;82000;0.00609;499.38;0.00045909BNB;;;;;;;;
2026-01-17 13:30:01;005159209779;BTC/EUR;BTC;EUR;SELL;82220;0.005;82220.63;0.005;411.10315;>= 82220(Time Submitted: 2026-01-17 13:30:17);Filled
Date(UTC);Trading Price;Filled;Total;Fee;;;;;;;;
2026-01-17 13:30:17;82220.63;0.005;411.10315;0.00036074BNB;;;;;;;;
2026-01-17 11:42:17;005159140641;BTC/EUR;BTC;EUR;SELL;82400;0.01213;82400;0.01213;999.512;>= 82385.69(Time Submitted: 2026-01-17 15:06:27);Filled
Date(UTC);Trading Price;Filled;Total;Fee;;;;;;;;
2026-01-17 15:06:27;82400;0.01213;999.512;0.00092204BNB;;;;;;;;
2026-01-16 16:20:36;005158145795;BTC/EUR;BTC;EUR;BUY;81698.05;0.00706;81698.05;0.00706;576.788233;;Filled
Date(UTC);Trading Price;Filled;Total;Fee;;;;;;;;
2026-01-16 16:32:31;81698.05;0.00168;137.252724;0.00012852BNB;;;;;;;;
2026-01-16 16:32:31;81698.05;0.00538;439.535509;0.0004116BNB;;;;;;;;
2026-01-16 16:02:33;005158086179;BTC/EUR;BTC;EUR;BUY;81500;0.00876;81500;0.00876;713.94;;Filled
Date(UTC);Trading Price;Filled;Total;Fee;;;;;;;;
2026-01-16 16:03:54;81500;0.00876;713.94;0.0006704BNB;;;;;;;;
2026-01-16 15:46:33;005158024289;BTC/EUR;BTC;EUR;BUY;81300;0.00615;81300;0.00615;499.995;;Filled
Date(UTC);Trading Price;Filled;Total;Fee;;;;;;;;
2026-01-16 15:48:04;81300;0.00615;499.995;0.00047046BNB;;;;;;;;
2026-01-16 15:39:00;005157992518;BTC/EUR;BTC;EUR;BUY;81592.53;0.00615;81592.53;0.00615;501.7940595;;Filled
Date(UTC);Trading Price;Filled;Total;Fee;;;;;;;;
2026-01-16 15:40:24;81592.53;0.00615;501.7940595;0.00047066BNB;;;;;;;;
2026-01-16 15:33:28;005157962047;BTC/EUR;BTC;EUR;BUY;81500;0.00613;81500;0.00613;499.595;;Filled
Date(UTC);Trading Price;Filled;Total;Fee;;;;;;;;
2026-01-16 15:33:32;81500;0.00613;499.595;0.0004696BNB;;;;;;;;
2026-01-16 15:31:05;005157950452;BTC/EUR;BTC;EUR;BUY;0.0;0.00788;81678.31;0.00788;643.6250828;;Filled
Date(UTC);Trading Price;Filled;Total;Fee;;;;;;;;
2026-01-16 15:31:05;81678.31;0.00788;643.6250828;0.00057356BNB;;;;;;;;
2026-01-16 13:53:21;005157658281;BTC/EUR;BTC;EUR;SELL;81654;0.05633;81654;0.05633;4599.56982;<= 81654(Time Submitted: 2026-01-16 15:19:59);Filled
Date(UTC);Trading Price;Filled;Total;Fee;;;;;;;;
2026-01-16 15:20:03;81654;0.0014;114.3156;0.00010713BNB;;;;;;;;
2026-01-16 15:20:03;81654;0.05493;4485.25422;0.00420378BNB;;;;;;;;
2026-01-16 13:40:28;005157641576;BTC/EUR;BTC;EUR;BUY;81950;0.0061;81950;0.0061;499.895;;Filled
Date(UTC);Trading Price;Filled;Total;Fee;;;;;;;;
2026-01-16 14:51:20;81950;0.0061;499.895;0.00046803BNB;;;;;;;;
2026-01-16 13:39:33;005157639424;BTC/EUR;BTC;EUR;BUY;82050;0.007;82050;0.007;574.35;;Filled
Date(UTC);Trading Price;Filled;Total;Fee;;;;;;;;
2026-01-16 13:39:45;82050;0.007;574.35;0.00053724BNB;;;;;;;;
2026-01-16 10:28:46;005157447626;BTC/EUR;BTC;EUR;BUY;82000;0.00609;82000;0.00609;499.38;;Filled
Date(UTC);Trading Price;Filled;Total;Fee;;;;;;;;
2026-01-16 11:04:19;82000;0.00328;268.96;0.00025109BNB;;;;;;;;
2026-01-16 11:04:54;82000;0.00281;230.42;0.00021511BNB;;;;;;;;
2026-01-16 10:06:43;005157427242;BTC/EUR;BTC;EUR;BUY;82240;0.00607;82240;0.00607;499.1968;;Filled
Date(UTC);Trading Price;Filled;Total;Fee;;;;;;;;
2026-01-16 10:06:47;82240;0.00607;499.1968;0.00046515BNB;;;;;;;;
2026-01-15 22:03:42;005156708794;BTC/EUR;BTC;EUR;BUY;82055;0.007;82055;0.007;574.385;;Filled
Date(UTC);Trading Price;Filled;Total;Fee;;;;;;;;
2026-01-16 04:34:55;82055;0.007;574.385;0.00053884BNB;;;;;;;;
2026-01-15 18:59:38;005156335172;BTC/EUR;BTC;EUR;BUY;82419;0.007;82419;0.007;576.933;;Filled
Date(UTC);Trading Price;Filled;Total;Fee;;;;;;;;
2026-01-15 19:01:35;82419;0.007;576.933;0.00054006BNB;;;;;;;;
2026-01-15 15:44:08;005155757499;BTC/EUR;BTC;EUR;BUY;0.0;0.00846;82651.03145391;0.00846;699.2277261;;Filled
Date(UTC);Trading Price;Filled;Total;Fee;;;;;;;;
2026-01-15 15:44:08;82649.66;0.00521;430.6047286;0.00038139BNB;;;;;;;;
2026-01-15 15:44:08;82653.23;0.00325;268.6229975;0.00023808BNB;;;;;;;;
2026-01-15 14:43:24;005155481393;BTC/EUR;BTC;EUR;BUY;82629.93;0.015;82629.93;0.015;1239.44895;;Filled
Date(UTC);Trading Price;Filled;Total;Fee;;;;;;;;
2026-01-15 14:44:58;82629.93;0.01491;1232.0122563;0.00114645BNB;;;;;;;;
2026-01-15 14:44:58;82629.93;0.00009;7.4366937;0.00000691BNB;;;;;;;;
2026-01-15 14:11:15;005155370799;BTC/EUR;BTC;EUR;BUY;83479.77;0.00911;83479.77;0.00911;760.5007047;;Filled
Date(UTC);Trading Price;Filled;Total;Fee;;;;;;;;
2026-01-15 14:21:58;83479.77;0.00911;760.5007047;0.00070184BNB;;;;;;;;
2026-01-15 13:16:54;005155272865;BTC/EUR;BTC;EUR;BUY;83200;0.006;83200;0.006;499.2;;Filled
Date(UTC);Trading Price;Filled;Total;Fee;;;;;;;;
2026-01-15 13:34:37;83200;0.006;499.2;0.00046248BNB;;;;;;;;
2026-01-15 10:58:34;005155107149;BTC/EUR;BTC;EUR;BUY;83122.69;0.00601;83122.69;0.00601;499.5673669;;Filled
Date(UTC);Trading Price;Filled;Total;Fee;;;;;;;;
2026-01-15 11:10:26;83122.69;0.00601;499.5673669;0.0004642BNB;;;;;;;;
2026-01-15 06:18:27;005154705513;BTC/EUR;BTC;EUR;BUY;82964.93;0.00602;82964.93;0.00602;499.4488786;;Filled
Date(UTC);Trading Price;Filled;Total;Fee;;;;;;;;
2026-01-15 06:18:33;82964.93;0.00602;499.4488786;0.00046521BNB;;;;;;;;
2026-01-14 18:54:39;005153515258;BTC/EUR;BTC;EUR;SELL;83800;0.00605;83800;0.00605;506.99;>= 83800(Time Submitted: 2026-01-14 19:28:01);Filled
Date(UTC);Trading Price;Filled;Total;Fee;;;;;;;;
2026-01-14 19:28:09;83800;0.00605;506.99;0.00046862BNB;;;;;;;;
2026-01-14 18:26:11;005153427777;BTC/EUR;BTC;EUR;BUY;82991.44;0.00605;82991.44;0.00605;502.098212;;Filled
Date(UTC);Trading Price;Filled;Total;Fee;;;;;;;;
2026-01-14 18:33:38;82991.44;0.00605;502.098212;0.0004659BNB;;;;;;;;
2026-01-14 14:55:34;005152651500;BTC/EUR;BTC;EUR;SELL;81685.09;0.0075;82993.56;0.0075;622.4517;;Filled
Date(UTC);Trading Price;Filled;Total;Fee;;;;;;;;
2026-01-14 14:55:34;82993.56;0.0075;622.4517;0.00054801BNB;;;;;;;;
2026-01-14 10:02:21;005152078864;BTC/EUR;BTC;EUR;BUY;81235;0.0075;81235;0.0075;609.2625;;Filled
Date(UTC);Trading Price;Filled;Total;Fee;;;;;;;;
2026-01-14 12:01:56;81235;0.0075;609.2625;0.0005738BNB;;;;;;;;
2026-01-13 20:54:20;005150698039;BTC/EUR;BTC;EUR;SELL;0.0;0.00635;81001.08;0.00635;514.356858;;Filled
Date(UTC);Trading Price;Filled;Total;Fee;;;;;;;;
2026-01-13 20:54:20;81001.08;0.00635;514.356858;0.00045315BNB;;;;;;;;
2026-01-13 11:01:16;005149152468;BTC/EUR;BTC;EUR;BUY;78730;0.00635;78730;0.00635;499.9355;;Filled
Date(UTC);Trading Price;Filled;Total;Fee;;;;;;;;
2026-01-13 12:04:28;78730;0.00002;1.5746;0.00000151BNB;;;;;;;;
2026-01-13 12:07:30;78730;0.00633;498.3609;0.00048129BNB;;;;;;;;
2026-01-12 15:09:41;005147095326;BTC/EUR;BTC;EUR;SELL;78200;0.01296;78200;0.01296;1013.472;>= 78200(Time Submitted: 2026-01-12 15:20:14);Filled
Date(UTC);Trading Price;Filled;Total;Fee;;;;;;;;
2026-01-12 15:20:14;78200;0.00052;40.664;0.00003953BNB;;;;;;;;
2026-01-12 15:20:14;78200;0.01244;972.808;0.00094578BNB;;;;;;;;
2026-01-12 13:49:38;005146804051;BTC/EUR;BTC;EUR;BUY;77150;0.01296;77150;0.01296;999.864;;Filled
Date(UTC);Trading Price;Filled;Total;Fee;;;;;;;;
2026-01-12 14:24:23;77150;0.01296;999.864;0.00098033BNB;;;;;;;;
2026-01-11 13:54:39;005144615099;BTC/EUR;BTC;EUR;SELL;78200;0.02013;78200;0.02013;1574.166;>= 78200(Time Submitted: 2026-01-11 14:54:26);Filled
Date(UTC);Trading Price;Filled;Total;Fee;;;;;;;;
2026-01-11 14:54:26;78200;0.00487;380.834;0.00036482BNB;;;;;;;;
2026-01-11 14:54:26;78200;0.0025;195.5;0.00018728BNB;;;;;;;;
2026-01-11 14:54:27;78200;0.0127;993.14;0.00095139BNB;;;;;;;;
2026-01-11 14:54:27;78200;0.00006;4.692;0.00000449BNB;;;;;;;;
2026-01-11 13:54:14;005144614973;BTC/EUR;BTC;EUR;SELL;78150;0.02012;78150.46;0.02012;1572.3872552;>= 78150(Time Submitted: 2026-01-11 14:30:37);Filled
Date(UTC);Trading Price;Filled;Total;Fee;;;;;;;;
2026-01-11 14:30:37;78150.46;0.00673;525.9525958;0.00047718BNB;;;;;;;;
2026-01-11 14:30:37;78150.46;0.01339;1046.4346594;0.00094941BNB;;;;;;;;
2026-01-09 08:47:26;005141555830;BTC/EUR;BTC;EUR;BUY;77032.79;0.02;77032.79;0.02;1540.6558;;Filled
Date(UTC);Trading Price;Filled;Total;Fee;;;;;;;;
2026-01-09 08:50:13;77032.79;0.00019;14.6362301;0.00001442BNB;;;;;;;;
2026-01-09 08:50:13;77032.79;0.01981;1526.0195699;0.00150424BNB;;;;;;;;
2026-01-08 16:24:13;005140336544;BTC/EUR;BTC;EUR;SELL;77950;0.01;77999.98;0.01;779.9998;>= 77999(Time Submitted: 2026-01-08 17:00:03);Filled
Date(UTC);Trading Price;Filled;Total;Fee;;;;;;;;
2026-01-08 17:00:03;77999.98;0.01;779.9998;0.00072927BNB;;;;;;;;
2026-01-08 16:00:18;005140242282;BTC/EUR;BTC;EUR;SELL;77700;0.01;77748.69;0.01;777.4869;<= 77750(Time Submitted: 2026-01-08 16:02:59);Filled
Date(UTC);Trading Price;Filled;Total;Fee;;;;;;;;
2026-01-08 16:02:59;77748.69;0.01;777.4869;0.00072738BNB;;;;;;;;
2026-01-08 08:06:54;005138759830;BTC/EUR;BTC;EUR;SELL;77500;0.018;77509.36;0.018;1395.16848;>= 77500(Time Submitted: 2026-01-08 08:12:49);Filled
Date(UTC);Trading Price;Filled;Total;Fee;;;;;;;;
2026-01-08 08:12:49;77509.36;0.016;1240.14976;0.00116555BNB;;;;;;;;
2026-01-08 08:12:49;77509.36;0.002;155.01872;0.00014568BNB;;;;;;;;
2026-01-07 19:37:35;005137374187;BTC/EUR;BTC;EUR;BUY;77375.33;0.02;77375.33;0.02;1547.5066;;Filled
Date(UTC);Trading Price;Filled;Total;Fee;;;;;;;;
2026-01-08 06:06:02;77375.33;0.02;1547.5066;0.00152299BNB;;;;;;;;
2026-01-07 16:43:08;005137030098;BTC/EUR;BTC;EUR;SELL;78000;0.007;78039.3894;0.007;546.2757258;<= 78050(Time Submitted: 2026-01-07 16:52:21);Filled
Date(UTC);Trading Price;Filled;Total;Fee;;;;;;;;
2026-01-07 16:52:21;78044.59;0.00177;138.1389243;0.0001279BNB;;;;;;;;
2026-01-07 16:52:21;78037.75;0.0048;374.5812;0.00034683BNB;;;;;;;;
2026-01-07 16:52:21;78037.01;0.00009;7.0233309;0.0000065BNB;;;;;;;;
2026-01-07 16:52:21;78036.09;0.00034;26.5322706;0.00002456BNB;;;;;;;;
2026-01-07 10:05:01;005135898705;BTC/EUR;BTC;EUR;BUY;78469.65;0.025;78469.65;0.025;1961.74125;;Filled
Date(UTC);Trading Price;Filled;Total;Fee;;;;;;;;
2026-01-07 10:06:16;78469.65;0.00545;427.6595925;0.00041196BNB;;;;;;;;
2026-01-07 10:06:26;78469.65;0.0001;7.846965;0.00000756BNB;;;;;;;;
2026-01-07 10:10:04;78469.65;0.004;313.8786;0.00030266BNB;;;;;;;;
2026-01-07 10:10:04;78469.65;0.0154;1208.43261;0.00116525BNB;;;;;;;;
2026-01-07 10:10:04;78469.65;0.00005;3.9234825;0.00000378BNB;;;;;;;;
2026-01-06 21:16:09;005134300875;BTC/EUR;BTC;EUR;SELL;0.0;0.02183;79986.97;0.02183;1746.1155551;;Filled
Date(UTC);Trading Price;Filled;Total;Fee;;;;;;;;
2026-01-06 21:16:09;79986.97;0.00808;646.2947176;0.00059277BNB;;;;;;;;
2026-01-06 21:16:09;79986.97;0.01375;1099.8208375;0.00100875BNB;;;;;;;;
2026-01-06 21:15:42;005134295550;BTC/EUR;BTC;EUR;SELL;79800;0.01137;79815.72;0.01137;907.5047364;>= 79815.05(Time Submitted: 2026-01-06 21:15:43);Filled
Date(UTC);Trading Price;Filled;Total;Fee;;;;;;;;
2026-01-06 21:15:43;79815.72;0.01137;907.5047364;0.00083235BNB;;;;;;;;
2026-01-06 21:15:29;005134293155;BTC/EUR;BTC;EUR;SELL;79800;0.01137;79800;0.01137;907.326;>= 79686.13(Time Submitted: 2026-01-06 21:15:36);Filled
Date(UTC);Trading Price;Filled;Total;Fee;;;;;;;;
2026-01-06 21:15:42;79800;0.01093;872.214;0.0008421BNB;;;;;;;;
2026-01-06 21:15:42;79800;0.00044;35.112;0.00003389BNB;;;;;;;;
2026-01-06 20:32:53;005134223076;BTC/EUR;BTC;EUR;SELL;79400;0.02;79510.97;0.02;1590.2194;>= 79516.49(Time Submitted: 2026-01-06 21:15:17);Filled
Date(UTC);Trading Price;Filled;Total;Fee;;;;;;;;
2026-01-06 21:15:17;79510.97;0.016;1272.17552;0.00116763BNB;;;;;;;;
2026-01-06 21:15:17;79510.97;0.004;318.04388;0.0002919BNB;;;;;;;;
2026-01-06 20:21:50;005134208100;BTC/EUR;BTC;EUR;SELL;79200;0.02;79248.03;0.02;1584.9606;>= 79263.38(Time Submitted: 2026-01-06 21:12:03);Filled
Date(UTC);Trading Price;Filled;Total;Fee;;;;;;;;
2026-01-06 21:12:03;79248.03;0.01183;937.5041949;0.00086301BNB;;;;;;;;
2026-01-06 21:12:03;79248.03;0.00817;647.4564051;0.00059601BNB;;;;;;;;
2026-01-06 20:16:38;005134199090;BTC/EUR;BTC;EUR;SELL;79150;0.04155;79150;0.04155;3288.6825;>= 79150(Time Submitted: 2026-01-06 20:21:34);Filled
Date(UTC);Trading Price;Filled;Total;Fee;;;;;;;;
2026-01-06 20:21:34;79150;0.00867;686.2305;0.00066498BNB;;;;;;;;
2026-01-06 20:21:34;79150;0.00867;686.2305;0.00066498BNB;;;;;;;;
2026-01-06 20:21:34;79150;0.00867;686.2305;0.00066498BNB;;;;;;;;
2026-01-06 20:21:38;79150;0.00809;640.3235;0.0006205BNB;;;;;;;;
2026-01-06 20:21:38;79150;0.00745;589.6675;0.00057141BNB;;;;;;;;
2026-01-06 18:46:43;005134042618;BTC/EUR;BTC;EUR;BUY;0.0;0.00989;78657.22;0.00989;777.9199058;;Filled
Date(UTC);Trading Price;Filled;Total;Fee;;;;;;;;
2026-01-06 18:46:43;78657.22;0.00989;777.9199058;0.00071938BNB;;;;;;;;
2026-01-06 17:30:12;005133768090;BTC/EUR;BTC;EUR;BUY;79100;0.00985;79095.10684264;0.00985;779.0868024;;Filled
Date(UTC);Trading Price;Filled;Total;Fee;;;;;;;;
2026-01-06 17:30:12;79093.72;0.00023;18.1915556;0.00001681BNB;;;;;;;;
2026-01-06 17:30:12;79095.14;0.00962;760.8952468;0.0006987BNB;;;;;;;;
2026-01-06 17:17:11;005133732564;BTC/EUR;BTC;EUR;BUY;79000;0.00704;79000;0.00704;556.16;;Filled
Date(UTC);Trading Price;Filled;Total;Fee;;;;;;;;
2026-01-06 17:19:37;79000;0.00704;556.16;0.00053883BNB;;;;;;;;
2026-01-06 17:11:37;005133719865;BTC/EUR;BTC;EUR;BUY;79201.24;0.00745;79201.24;0.00745;590.049238;;Filled
Date(UTC);Trading Price;Filled;Total;Fee;;;;;;;;
2026-01-06 17:12:14;79201.24;0.00745;590.049238;0.00057067BNB;;;;;;;;
2026-01-06 16:27:46;005133519974;BTC/EUR;BTC;EUR;BUY;79400;0.00773;79400;0.00773;613.762;;Filled
Date(UTC);Trading Price;Filled;Total;Fee;;;;;;;;
2026-01-06 16:30:01;79400;0.00773;613.762;0.00059115BNB;;;;;;;;
2026-01-06 16:12:22;005133448928;BTC/EUR;BTC;EUR;BUY;80000;0.00794;80000;0.00794;635.2;;Filled
Date(UTC);Trading Price;Filled;Total;Fee;;;;;;;;
2026-01-06 16:13:39;80000;0.00147;117.6;0.00011237BNB;;;;;;;;
2026-01-06 16:13:39;80000;0.0041;328;0.00031341BNB;;;;;;;;
2026-01-06 16:13:39;80000;0.0009;72;0.00006879BNB;;;;;;;;
2026-01-06 16:13:39;80000;0.0007;56;0.0000535BNB;;;;;;;;
2026-01-06 16:13:39;80000;0.00077;61.6;0.00005886BNB;;;;;;;;
2026-01-05 17:16:00;005130141360;BTC/EUR;BTC;EUR;BUY;79831.08;0.02;79831.08;0.02;1596.6216;;Filled
Date(UTC);Trading Price;Filled;Total;Fee;;;;;;;;
2026-01-05 17:22:01;79831.08;0.00323;257.8543884;0.0002509BNB;;;;;;;;
2026-01-05 17:22:01;79831.08;0.0167;1333.179036;0.00129725BNB;;;;;;;;
2026-01-05 17:22:01;79831.08;0.00007;5.5881756;0.00000543BNB;;;;;;;;
2026-01-05 16:54:11;005130083494;BTC/EUR;BTC;EUR;BUY;80000;0.00369;80000;0.00369;295.2;;Filled
Date(UTC);Trading Price;Filled;Total;Fee;;;;;;;;
2026-01-05 17:01:37;80000;0.00369;295.2;0.00028666BNB;;;;;;;;
2026-01-05 16:41:11;005130047819;BTC/EUR;BTC;EUR;BUY;80000;0.00404;80000;0.00404;323.2;;Filled
Date(UTC);Trading Price;Filled;Total;Fee;;;;;;;;
2026-01-05 16:48:34;80000;0.00404;323.2;0.00031372BNB;;;;;;;;
2026-01-05 16:40:40;005130045837;BTC/EUR;BTC;EUR;BUY;80100;0.00717;80100;0.00717;574.317;;Filled
Date(UTC);Trading Price;Filled;Total;Fee;;;;;;;;
2026-01-05 16:42:21;80100;0.00717;574.317;0.00055725BNB;;;;;;;;
2026-01-05 16:30:56;005130021127;BTC/EUR;BTC;EUR;BUY;80100;0.00551;80100;0.00551;441.351;;Filled
Date(UTC);Trading Price;Filled;Total;Fee;;;;;;;;
2026-01-05 16:33:57;80100;0.00302;241.902;0.00023473BNB;;;;;;;;
2026-01-05 16:33:57;80100;0.00249;199.449;0.00019353BNB;;;;;;;;
2026-01-05 16:18:39;005129983907;BTC/EUR;BTC;EUR;BUY;80200;0.01121;80200;0.01121;899.042;;Filled
Date(UTC);Trading Price;Filled;Total;Fee;;;;;;;;
2026-01-05 16:22:45;80200;0.01121;899.042;0.00087196BNB;;;;;;;;
2026-01-05 16:01:28;005129931102;BTC/EUR;BTC;EUR;BUY;80299.11;0.0146;80299.11;0.0146;1172.367006;;Filled
Date(UTC);Trading Price;Filled;Total;Fee;;;;;;;;
2026-01-05 16:05:22;80299.11;0.00236;189.5058996;0.00018337BNB;;;;;;;;
2026-01-05 16:05:22;80299.11;0.01224;982.8611064;0.00095109BNB;;;;;;;;
2026-01-05 15:28:29;005129815647;BTC/EUR;BTC;EUR;BUY;89622;0.01;79883.49;0.01;798.8349;;Filled
Date(UTC);Trading Price;Filled;Total;Fee;;;;;;;;
2026-01-05 15:28:29;79883.49;0.01;798.8349;0.00073773BNB;;;;;;;;
2026-01-05 14:57:15;005129687892;BTC/EUR;BTC;EUR;SELL;80125;0.01537;80125;0.01537;1231.52125;;Filled
Date(UTC);Trading Price;Filled;Total;Fee;;;;;;;;
2026-01-05 14:57:46;80125;0.01537;1231.52125;0.00119121BNB;;;;;;;;
2026-01-05 14:54:50;005129673507;BTC/EUR;BTC;EUR;BUY;80400;0.00037;79883.21216217;0.00037;29.5567885;;Filled
Date(UTC);Trading Price;Filled;Total;Fee;;;;;;;;
2026-01-05 14:54:50;79879.87;0.0001;7.987987;0.00000772BNB;;;;;;;;
2026-01-05 14:54:50;79884.45;0.00027;21.5688015;0.0000201BNB;;;;;;;;
2026-01-05 14:54:15;005129671151;BTC/EUR;BTC;EUR;BUY;80400;0.015;79900.23;0.015;1198.50345;;Filled
Date(UTC);Trading Price;Filled;Total;Fee;;;;;;;;
2026-01-05 14:54:15;79900.23;0.00531;424.2702213;0.00038973BNB;;;;;;;;
2026-01-05 14:54:15;79900.23;0.00969;774.2332287;0.00071218BNB;;;;;;;;
2026-01-05 11:07:59;005129256997;BTC/EUR;BTC;EUR;SELL;0.0;0.01774;79623.78;0.01774;1412.5258572;;Filled
Date(UTC);Trading Price;Filled;Total;Fee;;;;;;;;
2026-01-05 11:07:59;79623.78;0.00562;447.4856436;0.00041247BNB;;;;;;;;
2026-01-05 11:07:59;79623.78;0.01212;965.0402136;0.00088955BNB;;;;;;;;
2026-01-05 10:58:52;005129247945;BTC/EUR;BTC;EUR;SELL;0.0;0.01;79640.5;0.01;796.405;;Filled
Date(UTC);Trading Price;Filled;Total;Fee;;;;;;;;
2026-01-05 10:58:52;79640.5;0.00425;338.472125;0.00031177BNB;;;;;;;;
2026-01-05 10:58:52;79640.5;0.00575;457.932875;0.0004218BNB;;;;;;;;
2026-01-05 08:56:52;005129096938;BTC/EUR;BTC;EUR;BUY;0.0;0.00774;79199.88;0.00774;613.0070712;;Filled
Date(UTC);Trading Price;Filled;Total;Fee;;;;;;;;
2026-01-05 08:56:52;79199.88;0.00584;462.5272992;0.00042885BNB;;;;;;;;
2026-01-05 08:56:52;79199.88;0.0019;150.479772;0.00013986BNB;;;;;;;;
2026-01-03 21:40:26;005126815022;BTC/EUR;BTC;EUR;SELL;0.0;0.00886;77362.76;0.00886;685.4340536;;Filled
Date(UTC);Trading Price;Filled;Total;Fee;;;;;;;;
2026-01-03 21:40:26;77362.76;0.00886;685.4340536;0.00065092BNB;;;;;;;;
2026-01-03 17:35:13;005126698920;BTC/EUR;BTC;EUR;BUY;78100;0.02;77860.47348;0.02;1557.2094696;>= 77850(Time Submitted: 2026-01-04 00:05:27);Filled
Date(UTC);Trading Price;Filled;Total;Fee;;;;;;;;
2026-01-04 00:05:27;77858.87;0.01305;1016.0582535;0.00096143BNB;;;;;;;;
2026-01-04 00:05:27;77861.09;0.00017;13.2363853;0.0000124BNB;;;;;;;;
2026-01-04 00:05:27;77862.5;0.0001;7.78625;0.00000774BNB;;;;;;;;
2026-01-04 00:05:27;77863.56;0.00668;520.1285808;0.00049234BNB;;;;;;;;
2026-01-02 19:36:00;005125634867;BTC/EUR;BTC;EUR;SELL;76050;0.02;76768.15;0.02;1535.363;;Filled
Date(UTC);Trading Price;Filled;Total;Fee;;;;;;;;
2026-01-02 19:36:00;76768.15;0.00607;465.9826705;0.00044141BNB;;;;;;;;
2026-01-02 19:36:00;76768.15;0.01393;1069.3803295;0.001013BNB;;;;;;;;
2026-01-02 19:10:03;005125569100;BTC/EUR;BTC;EUR;BUY;76600;0.02;76600;0.02;1532;;Filled
Date(UTC);Trading Price;Filled;Total;Fee;;;;;;;;
2026-01-02 19:10:52;76600;0.01999;1531.234;0.00152844BNB;;;;;;;;
2026-01-02 19:11:11;76600;0.00001;0.766;0.00000075BNB;;;;;;;;
2026-01-02 19:02:33;005125544364;BTC/EUR;BTC;EUR;SELL;75800;0.03494;76526.41759302;0.03494;2673.8330307;;Filled
Date(UTC);Trading Price;Filled;Total;Fee;;;;;;;;
2026-01-02 19:02:33;76527.18;0.00168;128.5656624;0.00012196BNB;;;;;;;;
2026-01-02 19:02:33;76527.18;0.016;1224.43488;0.00116158BNB;;;;;;;;
2026-01-02 19:02:33;76527.18;0.01011;773.6897898;0.00073397BNB;;;;;;;;
2026-01-02 19:02:33;76523.76;0.0001;7.652376;0.00000725BNB;;;;;;;;
2026-01-02 19:02:33;76523.45;0.00705;539.4903225;0.00051179BNB;;;;;;;;
2026-01-02 18:35:51;005125464008;BTC/EUR;BTC;EUR;BUY;76700;0.00594;76700;0.00594;455.598;;Filled
Date(UTC);Trading Price;Filled;Total;Fee;;;;;;;;
2026-01-02 18:49:49;76700;0.00285;218.595;0.00021797BNB;;;;;;;;
2026-01-02 18:49:49;76700;0.00309;237.003;0.00023633BNB;;;;;;;;
2026-01-02 18:35:28;005125461637;BTC/EUR;BTC;EUR;BUY;76550;0.009;76550;0.009;688.95;;Filled
Date(UTC);Trading Price;Filled;Total;Fee;;;;;;;;
2026-01-02 18:51:56;76550;0.00584;447.052;0.00044652BNB;;;;;;;;
2026-01-02 18:51:56;76550;0.00316;241.898;0.00024161BNB;;;;;;;;
2026-01-02 16:48:44;005125099400;BTC/EUR;BTC;EUR;BUY;76700;0.01;76700;0.01;767;;Filled
Date(UTC);Trading Price;Filled;Total;Fee;;;;;;;;
2026-01-02 16:52:01;76700;0.01;767;0.00076405BNB;;;;;;;;
2026-01-02 16:46:19;005125086914;BTC/EUR;BTC;EUR;BUY;76700;0.01;76700;0.01;767;;Filled
Date(UTC);Trading Price;Filled;Total;Fee;;;;;;;;
2026-01-02 16:46:41;76700;0.01;767;0.00076413BNB;;;;;;;;
2026-01-02 15:40:19;005124777404;BTC/EUR;BTC;EUR;SELL;76400;0.02;76404.34;0.02;1528.0868;;Filled
Date(UTC);Trading Price;Filled;Total;Fee;;;;;;;;
2026-01-02 15:40:19;76404.34;0.01005;767.863617;0.00073222BNB;;;;;;;;
2026-01-02 15:40:19;76404.34;0.00978;747.2344452;0.00071255BNB;;;;;;;;
2026-01-02 15:40:19;76404.34;0.00017;12.9887378;0.00001238BNB;;;;;;;;
2026-01-02 13:30:55;005124282757;BTC/EUR;BTC;EUR;BUY;75553.49;0.02;75553.49;0.02;1511.0698;;Filled
Date(UTC);Trading Price;Filled;Total;Fee;;;;;;;;
2026-01-02 14:32:16;75553.49;0.02;1511.0698;0.00153531BNB;;;;;;;;
2026-01-02 13:29:28;005124281342;BTC/EUR;BTC;EUR;SELL;76350;0.01098;76352.91;0.01098;838.3549518;;Filled
Date(UTC);Trading Price;Filled;Total;Fee;;;;;;;;
2026-01-02 13:29:28;76352.91;0.00877;669.6150207;0.00064204BNB;;;;;;;;
2026-01-02 13:29:28;76352.91;0.00221;168.7399311;0.00016179BNB;;;;;;;;
2026-01-02 10:39:18;005124094026;BTC/EUR;BTC;EUR;SELL;76403.51;0.0102;76413.92;0.0102;779.421984;<= 76450(Time Submitted: 2026-01-02 10:39:49);Filled
Date(UTC);Trading Price;Filled;Total;Fee;;;;;;;;
2026-01-02 10:39:49;76413.92;0.0102;779.421984;0.0007467BNB;;;;;;;;
2026-01-02 10:37:28;005124090664;BTC/EUR;BTC;EUR;SELL;0.0;0.005;76403.5;0.005;382.0175;;Filled
Date(UTC);Trading Price;Filled;Total;Fee;;;;;;;;
2026-01-02 10:37:28;76403.5;0.005;382.0175;0.00036624BNB;;;;;;;;
2026-01-01 20:30:00;005123155500;BTC/EUR;BTC;EUR;SELL;75948.76;0.022;75948.76;0.022;1670.87272;;Filled
Date(UTC);Trading Price;Filled;Total;Fee;;;;;;;;
2026-01-02 08:59:42;75948.76;0.022;1670.87272;0.0016956BNB;;;;;;;;
2025-12-31 22:30:21;005122277048;BTC/EUR;BTC;EUR;BUY;0.0;0.00496;74369.49;0.00496;368.8726704;;Filled
Date(UTC);Trading Price;Filled;Total;Fee;;;;;;;;
2025-12-31 22:30:21;74369.49;0.00496;368.8726704;0.00035833BNB;;;;;;;;
2025-12-31 15:30:07;005121609021;BTC/EUR;BTC;EUR;BUY;74510;0.00441;74510;0.00441;328.5891;;Filled
Date(UTC);Trading Price;Filled;Total;Fee;;;;;;;;
2025-12-31 15:32:11;74510;0.00441;328.5891;0.00033701BNB;;;;;;;;
2025-12-31 14:50:56;005121480284;BTC/EUR;BTC;EUR;BUY;74759.52;0.005;74759.52;0.005;373.7976;;Filled
Date(UTC);Trading Price;Filled;Total;Fee;;;;;;;;
2025-12-31 15:11:51;74759.52;0.005;373.7976;0.00038226BNB;;;;;;;;
2025-12-31 14:37:00;005121423464;BTC/EUR;BTC;EUR;BUY;75250;0.005;75250;0.005;376.25;;Filled
Date(UTC);Trading Price;Filled;Total;Fee;;;;;;;;
2025-12-31 14:37:05;75250;0.005;376.25;0.00038253BNB;;;;;;;;
2025-12-31 12:45:25;005121261727;BTC/EUR;BTC;EUR;BUY;75418.54;0.005;75403.87;0.005;377.01935;;Filled
Date(UTC);Trading Price;Filled;Total;Fee;;;;;;;;
2025-12-31 12:45:25;75403.87;0.005;377.01935;0.00036501BNB;;;;;;;;
2025-12-31 11:23:04;005121169587;BTC/EUR;BTC;EUR;SELL;75606.19;0.00567;75606.19;0.00567;428.6870973;;Filled
Date(UTC);Trading Price;Filled;Total;Fee;;;;;;;;
2025-12-31 11:42:50;75606.19;0.00567;428.6870973;0.00043554BNB;;;;;;;;
2025-12-29 20:45:30;005118410045;BTC/EUR;BTC;EUR;BUY;73870;0.00494;73870;0.00494;364.9178;;Filled
Date(UTC);Trading Price;Filled;Total;Fee;;;;;;;;
2025-12-30 02:33:09;73870;0.00015;11.0805;0.00001152BNB;;;;;;;;
2025-12-30 02:33:09;73870;0.00025;18.4675;0.00001921BNB;;;;;;;;
2025-12-30 02:33:09;73870;0.00025;18.4675;0.00001921BNB;;;;;;;;
2025-12-30 02:33:09;73870;0.00029;21.4223;0.00002229BNB;;;;;;;;
2025-12-30 02:33:09;73870;0.00029;21.4223;0.00002229BNB;;;;;;;;
2025-12-30 02:33:09;73870;0.00028;20.6836;0.00002152BNB;;;;;;;;
2025-12-30 02:33:09;73870;0.00029;21.4223;0.00002229BNB;;;;;;;;
2025-12-30 02:33:09;73870;0.00029;21.4223;0.00002229BNB;;;;;;;;
2025-12-30 02:33:09;73870;0.00025;18.4675;0.00001921BNB;;;;;;;;
2025-12-30 02:33:09;73870;0.00021;15.5127;0.00001614BNB;;;;;;;;
2025-12-30 02:33:09;73870;0.00023;16.9901;0.00001767BNB;;;;;;;;
2025-12-30 02:33:09;73870;0.00216;159.5592;0.00016606BNB;;;;;;;;
2025-12-29 19:39:58;005118317694;BTC/EUR;BTC;EUR;SELL;74650;0.007;74650;0.007;522.55;;Filled
Date(UTC);Trading Price;Filled;Total;Fee;;;;;;;;
2025-12-30 08:12:21;74650;0.00452;337.418;0.000347BNB;;;;;;;;
2025-12-30 08:12:23;74650;0.00047;35.0855;0.00003607BNB;;;;;;;;
2025-12-30 08:12:23;74650;0.00047;35.0855;0.00003607BNB;;;;;;;;
2025-12-30 08:12:23;74650;0.00047;35.0855;0.00003607BNB;;;;;;;;
2025-12-30 08:12:23;74650;0.00047;35.0855;0.00003607BNB;;;;;;;;
2025-12-30 08:12:23;74650;0.00047;35.0855;0.00003607BNB;;;;;;;;
2025-12-30 08:12:23;74650;0.00013;9.7045;0.00000997BNB;;;;;;;;
2025-12-29 16:47:49;005118024983;BTC/EUR;BTC;EUR;SELL;75874.58;0.008;75874.58;0.008;606.99664;;Filled
Date(UTC);Trading Price;Filled;Total;Fee;;;;;;;;
2025-12-30 16:19:00;75874.58;0.00429;325.5019482;0.00033362BNB;;;;;;;;
2025-12-30 16:19:03;75874.58;0.00061;46.2834938;0.00004743BNB;;;;;;;;
2025-12-30 16:19:03;75874.58;0.00061;46.2834938;0.00004743BNB;;;;;;;;
2025-12-30 16:19:03;75874.58;0.00061;46.2834938;0.00004743BNB;;;;;;;;
2025-12-30 16:19:03;75874.58;0.00061;46.2834938;0.00004743BNB;;;;;;;;
2025-12-30 16:19:03;75874.58;0.00057;43.2485106;0.00004432BNB;;;;;;;;
2025-12-30 16:19:03;75874.58;0.0007;53.112206;0.00005443BNB;;;;;;;;
2025-12-29 14:40:58;005117639299;BTC/EUR;BTC;EUR;SELL;0.0;0.005;74650.16;0.005;373.2508;;Filled
Date(UTC);Trading Price;Filled;Total;Fee;;;;;;;;
2025-12-29 14:40:58;74650.16;0.005;373.2508;0.00036728BNB;;;;;;;;
2025-12-29 12:47:03;005117395852;BTC/EUR;BTC;EUR;BUY;74175.15;0.00345;74164.26;0.00345;255.866697;;Filled
Date(UTC);Trading Price;Filled;Total;Fee;;;;;;;;
2025-12-29 12:47:03;74164.26;0.00345;255.866697;0.00025251BNB;;;;;;;;
2025-12-29 11:23:49;005117160226;BTC/EUR;BTC;EUR;BUY;74275;0.00352;74275;0.00352;261.448;;Filled
Date(UTC);Trading Price;Filled;Total;Fee;;;;;;;;
2025-12-29 12:00:17;74275;0.00352;261.448;0.0002711BNB;;;;;;;;
2025-12-29 10:56:47;005117111696;BTC/EUR;BTC;EUR;BUY;74350;0.007;74350;0.007;520.45;;Filled
Date(UTC);Trading Price;Filled;Total;Fee;;;;;;;;
2025-12-29 10:57:41;74350;0.007;520.45;0.00053973BNB;;;;;;;;
2025-12-29 10:03:06;005117013253;BTC/EUR;BTC;EUR;BUY;74625.81;0.005;74625.81;0.005;373.12905;;Filled
Date(UTC);Trading Price;Filled;Total;Fee;;;;;;;;
2025-12-29 10:05:01;74625.81;0.005;373.12905;0.00038791BNB;;;;;;;;
2025-12-29 09:39:49;005116902434;BTC/EUR;BTC;EUR;BUY;74652.29;0.00684;74652.29;0.00684;510.6216636;;Filled
Date(UTC);Trading Price;Filled;Total;Fee;;;;;;;;
2025-12-29 09:45:08;74652.29;0.00684;510.6216636;0.00053209BNB;;;;;;;;
2025-12-29 08:12:17;005116742846;BTC/EUR;BTC;EUR;BUY;75038.59;0.00427;75038.59;0.00427;320.4147793;;Filled
Date(UTC);Trading Price;Filled;Total;Fee;;;;;;;;
2025-12-29 09:35:37;75038.59;0.00427;320.4147793;0.00033258BNB;;;;;;;;
2025-12-29 06:08:57;005116572123;BTC/EUR;BTC;EUR;SELL;76320;0.00963;76320;0.00963;734.9616;;Filled
Date(UTC);Trading Price;Filled;Total;Fee;;;;;;;;
2025-12-29 06:11:36;76320;0.00963;734.9616;0.00075129BNB;;;;;;;;
2025-12-28 21:22:18;005115664221;BTC/EUR;BTC;EUR;SELL;75900;0.00676;75900;0.00676;513.084;;Filled
Date(UTC);Trading Price;Filled;Total;Fee;;;;;;;;
2025-12-29 03:32:26;75900;0.00676;513.084;0.00052378BNB;;;;;;;;
2025-12-28 21:15:45;005115660176;BTC/EUR;BTC;EUR;SELL;0.0;0.0065;74257.58;0.0065;482.67427;;Filled
Date(UTC);Trading Price;Filled;Total;Fee;;;;;;;;
2025-12-28 21:15:45;74257.58;0.0065;482.67427;0.00047226BNB;;;;;;;;
2025-12-28 16:51:24;005115484604;BTC/EUR;BTC;EUR;BUY;74414.99;0.001;74414.99;0.001;74.41499;;Filled
Date(UTC);Trading Price;Filled;Total;Fee;;;;;;;;
2025-12-28 16:55:19;74414.99;0.001;74.41499;0.00007622BNB;;;;;;;;
2025-12-28 15:42:13;005115438536;BTC/EUR;BTC;EUR;BUY;74629;0.00356;74492.47;0.00356;265.1931932;;Filled
Date(UTC);Trading Price;Filled;Total;Fee;;;;;;;;
2025-12-28 15:42:13;74492.47;0.00356;265.1931932;0.00025951BNB;;;;;;;;
2025-12-28 15:40:11;005115437906;BTC/EUR;BTC;EUR;BUY;74430.35;0.00463;74430.35;0.00463;344.6125205;;Filled
Date(UTC);Trading Price;Filled;Total;Fee;;;;;;;;
2025-12-28 15:54:59;74430.35;0.00463;344.6125205;0.00035404BNB;;;;;;;;
2025-12-28 13:32:51;005115347518;BTC/EUR;BTC;EUR;SELL;74577.37;0.00757;74577.37;0.00757;564.5506909;;Filled
Date(UTC);Trading Price;Filled;Total;Fee;;;;;;;;
2025-12-28 14:38:49;74577.37;0.00225;167.7990825;0.0001731BNB;;;;;;;;
2025-12-28 14:38:50;74577.37;0.00012;8.9492844;0.00000923BNB;;;;;;;;
2025-12-28 14:39:52;74577.37;0.00027;20.1358899;0.00002076BNB;;;;;;;;
2025-12-28 14:39:53;74577.37;0.0032;238.647584;0.00024609BNB;;;;;;;;
2025-12-28 14:40:01;74577.37;0.00173;129.0188501;0.00013304BNB;;;;;;;;
2025-12-28 09:12:14;005115202176;BTC/EUR;BTC;EUR;SELL;74550;0.015;74550;0.015;1118.25;;Filled
Date(UTC);Trading Price;Filled;Total;Fee;;;;;;;;
2025-12-28 09:12:18;74550;0.015;1118.25;0.00116808BNB;;;;;;;;
2025-12-27 21:08:00;005114826894;BTC/EUR;BTC;EUR;BUY;74310;0.00305;74310;0.00305;226.6455;;Filled
Date(UTC);Trading Price;Filled;Total;Fee;;;;;;;;
2025-12-27 22:36:52;74310;0.00305;226.6455;0.00023787BNB;;;;;;;;
2025-12-27 20:32:50;005114819981;BTC/EUR;BTC;EUR;BUY;74288;0.002;74288;0.002;148.576;;Filled
Date(UTC);Trading Price;Filled;Total;Fee;;;;;;;;
2025-12-27 20:41:16;74288;0.002;148.576;0.00015627BNB;;;;;;;;
2025-12-27 16:15:26;005114734076;BTC/EUR;BTC;EUR;BUY;0.0;0.00245;74270.06;0.00245;181.961647;;Filled
Date(UTC);Trading Price;Filled;Total;Fee;;;;;;;;
2025-12-27 16:15:26;74270.06;0.00245;181.961647;0.0001818BNB;;;;;;;;
2025-12-27 09:36:18;005114557327;BTC/EUR;BTC;EUR;BUY;74401;0.00233;74394.55;0.00233;173.3393015;;Filled
Date(UTC);Trading Price;Filled;Total;Fee;;;;;;;;
2025-12-27 09:36:18;74394.55;0.00233;173.3393015;0.00017301BNB;;;;;;;;
2025-12-26 15:02:03;005113450679;BTC/EUR;BTC;EUR;BUY;74153.25;0.003;73815.1;0.003;221.4453;;Filled
Date(UTC);Trading Price;Filled;Total;Fee;;;;;;;;
2025-12-26 15:02:03;73815.1;0.003;221.4453;0.00022618BNB;;;;;;;;
2025-12-26 15:00:47;005113441133;BTC/EUR;BTC;EUR;BUY;73717.71;0.003;73717.71;0.003;221.15313;;Filled
Date(UTC);Trading Price;Filled;Total;Fee;;;;;;;;
2025-12-26 15:10:06;73717.71;0.003;221.15313;0.00023751BNB;;;;;;;;
2025-12-25 20:02:14;005111672402;BTC/EUR;BTC;EUR;BUY;74111;0.0025;74111;0.0025;185.2775;;Filled
Date(UTC);Trading Price;Filled;Total;Fee;;;;;;;;
2025-12-25 22:52:21;74111;0.0025;185.2775;0.00019608BNB;;;;;;;;
2025-12-24 14:29:01;005109916495;BTC/EUR;BTC;EUR;BUY;73990;0.0027;73990;0.0027;199.773;;Filled
Date(UTC);Trading Price;Filled;Total;Fee;;;;;;;;
2025-12-24 14:29:18;73990;0.00105;77.6895;0.00008157BNB;;;;;;;;
2025-12-24 14:29:45;73990;0.00165;122.0835;0.00012819BNB;;;;;;;;
2025-12-22 19:55:06;005106122801;BTC/EUR;BTC;EUR;BUY;74201;0.002;74201;0.002;148.402;;Filled
Date(UTC);Trading Price;Filled;Total;Fee;;;;;;;;
2025-12-23 06:17:26;74201;0.002;148.402;0.000002BTC;;;;;;;;
2025-12-22 19:51:31;005106113533;BTC/EUR;BTC;EUR;SELL;74174.7;0.002;75036.4;0.002;150.0728;;Filled
Date(UTC);Trading Price;Filled;Total;Fee;;;;;;;;
2025-12-22 19:51:31;75036.4;0.002;150.0728;0.14256916EUR;;;;;;;;
2025-12-21 14:21:56;005102900085;BTC/EUR;BTC;EUR;BUY;75131.84;0.005;75131.84;0.005;375.6592;;Filled
Date(UTC);Trading Price;Filled;Total;Fee;;;;;;;;
2025-12-21 14:23:27;75131.84;0.005;375.6592;0.000005BTC;;;;;;;;