date,close_price,sentiment_score,sentiment_label,concordance,active_pillars,fng_raw,taker_ratio,dist_50dma_pct,vol_ratio,fwd_return_7d,fwd_return_14d,fwd_return_30d
2023-12-09,40690.71000000,85.9,Extreme Greed,True,4,73,1.1683,18.73,0.40,-4.76,-1.83,5.54
2023-12-10,40717.97000000,71.6,Greed,False,4,74,1.1735,17.96,0.41,-6.76,-3.23,3.78
2023-12-11,38353.21000000,68.3,Greed,False,4,74,1.1896,10.47,1.74,1.78,3.52,10.99
2023-12-12,38446.35000000,70.7,Greed,False,4,67,1.2087,10.26,1.14,0.14,0.31,9.95
2023-12-13,39472.43000000,74.7,Greed,False,4,65,1.2385,12.72,1.24,1.14,-0.83,-0.71
2023-12-14,39151.11000000,72.7,Greed,False,4,72,1.2391,11.39,0.98,1.87,-1.54,0.31
2023-12-15,38521.35000000,74.6,Greed,False,4,70,1.2321,9.22,0.71,3.90,-0.75,-0.87
2023-12-16,38753.14000000,65.7,Greed,False,4,67,1.2070,9.46,0.43,3.07,-1.09,0.26
2023-12-17,37965.95000000,73.9,Greed,False,4,73,1.1750,6.90,0.63,3.79,1.20,4.57
2023-12-18,39037.34000000,68.8,Greed,False,4,65,1.1521,9.53,0.87,1.71,2.76,0.71
2023-12-19,38501.36000000,69.7,Greed,False,4,73,1.0925,7.66,0.80,0.16,6.87,-1.32
2023-12-20,39923.44000000,66.4,Greed,False,4,74,1.0758,11.20,0.95,-1.95,-1.35,-4.17
2023-12-21,39883.76000000,64.1,Neutral,False,4,70,1.1149,10.69,1.35,-3.35,1.39,-3.95
2023-12-22,40023.67000000,71.5,Greed,False,4,74,1.1678,10.65,0.85,-4.47,1.10,-4.55
2023-12-23,39944.37000000,81.2,Greed,True,4,70,1.2317,9.97,0.48,-4.04,0.98,-8.92
2023-12-24,39404.30000000,81.5,Greed,True,4,71,1.2342,8.09,0.47,-2.49,2.18,-6.64
2023-12-25,39705.00000000,67.7,Greed,False,4,73,1.2287,8.49,0.46,1.03,8.16,-7.21
2023-12-26,38564.22000000,72.6,Greed,False,4,71,1.2427,5.04,1.02,6.69,9.57,-4.41
2023-12-27,39144.69000000,73.2,Greed,False,4,73,1.2462,6.27,1.09,0.61,8.75,-1.47
2023-12-28,38547.43000000,68.8,Greed,False,4,73,1.2735,4.36,0.86,4.91,9.66,0.96
2023-12-29,38233.18000000,63.3,Neutral,False,4,65,1.2831,3.29,1.77,5.83,2.50,1.47
2023-12-30,38330.84000000,64.2,Neutral,False,4,68,1.2389,3.37,0.51,5.23,2.46,4.35
2023-12-31,38422.26000000,65.5,Greed,False,4,67,1.3017,3.42,0.58,4.79,-0.62,3.16
2024-01-01,40113.43000000,70.0,Greed,False,4,65,1.3439,7.66,0.72,7.06,-3.14,-1.75
2024-01-02,41145.87000000,77.8,Greed,False,4,71,1.3685,10.01,1.73,2.70,-3.52,-3.65
2024-01-03,39384.84000000,61.3,Neutral,False,4,70,1.4046,4.93,2.39,8.09,-0.18,1.62
2024-01-04,40438.60000000,77.0,Greed,False,4,68,1.3747,7.42,1.88,4.53,-6.05,-1.37
2024-01-05,40463.66000000,78.0,Greed,False,4,72,1.3678,7.09,1.63,-3.15,-5.45,-2.28
2024-01-06,40336.49000000,76.3,Greed,False,4,70,1.4337,6.37,0.58,-2.64,-5.03,-1.49
2024-01-07,40264.51000000,76.5,Greed,False,4,71,1.3880,5.81,0.68,-5.16,-5.12,-0.56
2024-01-08,42943.93000000,77.8,Greed,False,4,71,1.3978,12.34,1.95,-9.52,-15.28,-4.23
2024-01-09,42255.65000000,71.5,Greed,False,4,76,1.4134,10.08,1.78,-6.05,-12.94,-0.46
2024-01-10,42569.94000000,86.8,Extreme Greed,True,4,73,1.4127,10.33,2.21,-7.65,-13.45,2.62
2024-01-11,42270.75000000,71.5,Greed,False,4,76,1.3928,9.11,1.55,-10.12,-12.79,4.58
2024-01-12,39190.23000000,65.3,Greed,False,4,71,1.3606,0.90,1.34,-2.38,-1.58,13.82
2024-01-13,39272.03000000,62.1,Neutral,False,4,64,1.2924,0.86,0.45,-2.45,-0.90,17.83
2024-01-14,38185.16000000,71.3,Greed,False,4,60,1.3203,-2.12,0.45,0.04,1.59,21.57
2024-01-15,38854.64000000,64.3,Neutral,False,4,52,1.3821,-0.64,0.94,-6.36,2.94,24.45
2024-01-16,39699.47000000,64.8,Neutral,False,4,64,1.3933,1.23,0.79,-7.34,-0.15,21.47
2024-01-17,39313.07000000,68.8,Greed,False,4,60,1.4459,-0.01,0.74,-6.28,0.25,23.19
2024-01-18,37991.71000000,67.0,Greed,False,4,63,1.5292,-3.54,1.19,-2.97,4.35,26.29
2024-01-19,38257.94000000,64.0,Neutral,False,4,51,1.5839,-3.04,1.05,0.82,4.61,26.47
2024-01-20,38308.02000000,59.3,Neutral,False,4,52,1.5532,-3.05,0.43,1.59,4.11,25.52
2024-01-21,38201.42000000,70.3,Greed,False,4,56,1.5156,-3.41,0.25,1.55,3.50,26.62
2024-01-22,36381.56000000,56.3,Neutral,False,4,55,1.4365,-8.00,1.27,9.94,9.22,31.85
2024-01-23,36786.45000000,62.5,Neutral,False,4,50,1.4514,-6.88,1.32,7.75,8.84,28.87
2024-01-24,36844.02000000,62.0,Neutral,False,4,48,1.4602,-6.54,1.23,6.97,11.63,27.35
2024-01-25,36865.01000000,56.8,Neutral,False,4,52,1.4187,-6.31,0.78,7.54,14.09,29.23
2024-01-26,38570.30000000,63.5,Neutral,False,4,49,1.3992,-1.89,1.14,3.77,13.27,23.89
2024-01-27,38918.72000000,60.0,Neutral,False,4,55,1.5454,-0.90,0.27,2.48,13.58,28.98
2024-01-28,38793.92000000,67.3,Greed,False,4,54,1.5478,-1.12,0.61,1.92,14.98,35.63
2024-01-29,39997.27000000,65.0,Neutral,False,4,55,1.5595,1.98,0.88,-0.65,15.69,43.94
2024-01-30,39638.18000000,66.5,Greed,False,4,61,1.5301,1.00,0.97,1.01,17.11,41.97
2024-01-31,39413.05000000,62.5,Neutral,False,4,60,1.5346,0.38,1.49,4.35,22.69,46.10
2024-02-01,39645.97000000,67.0,Greed,False,4,63,1.5444,0.96,1.15,6.09,21.64,44.36
2024-02-02,40022.71000000,64.5,Neutral,False,4,63,1.5190,1.88,0.78,9.15,21.00,45.52
2024-02-03,39884.06000000,71.3,Greed,False,4,60,1.3884,1.45,0.25,10.83,20.30,57.55
2024-02-04,39540.15000000,71.3,Greed,False,4,60,1.4372,0.54,0.38,12.81,22.37,48.73
2024-02-05,39737.11000000,66.3,Greed,False,4,60,1.4837,0.95,0.89,16.45,21.00,52.79
2024-02-06,40039.20000000,64.8,Neutral,False,4,64,1.5024,1.67,0.62,15.94,20.81,52.76
2024-02-07,41129.17000000,66.8,Greed,False,4,62,1.4445,4.29,0.95,17.57,16.63,51.85
2024-02-08,42059.86000000,72.8,Greed,False,4,66,1.3993,6.54,0.86,14.66,12.72,48.78
2024-02-09,43686.74000000,78.0,Greed,False,4,72,1.4114,10.45,1.67,10.85,7.40,44.46
2024-02-10,44205.40000000,74.8,Greed,False,4,74,1.4345,11.52,0.84,8.54,7.77,47.77
2024-02-11,44605.89000000,74.0,Greed,False,4,71,1.3943,12.27,0.84,8.47,7.13,46.69
2024-02-12,46274.78000000,82.5,Greed,False,4,70,1.3104,16.07,1.31,3.91,8.48,44.34
2024-02-13,46421.92000000,83.3,Greed,False,4,79,1.2432,16.05,1.25,4.20,13.35,41.40
2024-02-14,48354.88000000,81.2,Greed,False,4,74,1.2069,20.29,1.37,-0.80,19.06,32.21
2024-02-15,48224.79000000,73.5,Greed,False,4,72,1.2214,19.43,1.26,-1.69,16.70,24.64
2024-02-16,48428.50000000,77.0,Greed,False,4,72,1.2079,19.35,0.87,-3.11,18.90,29.96
2024-02-17,47978.74000000,80.4,Greed,False,4,76,1.2067,17.67,0.59,-0.71,19.29,29.69
2024-02-18,48384.23000000,71.8,Greed,False,4,72,1.2029,18.08,0.49,-1.24,20.37,17.96
2024-02-19,48083.61000000,80.7,Greed,False,4,75,1.2272,16.80,0.56,4.40,30.68,29.30
2024-02-20,48372.02000000,82.5,Greed,False,4,72,1.2813,17.03,1.21,8.78,21.58,24.77
2024-02-21,47969.03000000,80.1,Greed,False,4,78,1.2728,15.67,0.85,20.02,26.57,23.22
2024-02-22,47407.85000000,74.2,Greed,False,4,74,1.2761,13.88,0.82,18.71,29.01,25.12
2024-02-23,46920.72000000,75.2,Greed,False,4,76,1.2969,12.36,0.86,22.72,33.11,32.57
2024-02-24,47638.91000000,71.5,Greed,False,4,72,1.2913,13.69,0.62,20.14,31.35,35.12
2024-02-25,47784.06000000,69.5,Greed,False,4,74,1.2912,13.63,0.36,21.88,32.07,35.37
2024-02-26,50198.43000000,83.0,Greed,False,4,72,1.2990,18.81,1.43,25.18,30.13,28.11
2024-02-27,52617.38000000,84.1,Greed,False,4,79,1.2732,23.97,1.88,11.77,24.36,24.68
2024-02-28,57572.10000000,93.5,Extreme Greed,True,4,82,1.2430,34.67,3.68,5.46,16.02,12.74
2024-02-29,56276.27000000,74.5,Greed,False,4,80,1.1809,30.80,1.74,8.68,16.64,14.82
2024-03-01,57582.66000000,77.3,Greed,False,4,80,1.1462,32.89,0.91,8.46,11.03,14.87
2024-03-02,57232.82000000,79.8,Greed,False,4,80,1.1469,30.99,0.52,9.33,5.02,13.49
2024-03-03,58240.78000000,76.4,Greed,False,4,83,1.1773,32.15,0.54,8.36,8.06,4.59
2024-03-04,62836.25000000,90.9,Extreme Greed,True,4,82,1.1521,41.00,2.28,3.96,-0.98,-3.00
2024-03-05,58809.63000000,70.2,Greed,False,4,90,1.1123,30.80,2.80,11.26,-2.95,7.60
2024-03-06,60713.19000000,79.6,Greed,False,4,75,1.1431,33.78,1.69,10.02,2.40,3.24
2024-03-07,61162.23000000,79.4,Greed,False,4,82,1.2052,33.48,0.97,7.32,-1.32,4.08
2024-03-08,62455.93000000,83.4,Greed,False,4,81,1.2248,34.87,1.22,2.36,-5.36,2.64
2024-03-09,62575.41000000,75.7,Greed,False,4,84,1.2363,33.72,0.42,-3.95,-5.20,4.92
2024-03-10,63108.39000000,76.5,Greed,False,4,79,1.2197,33.44,0.69,-0.27,-1.43,1.01
2024-03-11,65323.43000000,83.6,Greed,False,4,82,1.2255,36.56,1.59,-4.75,-1.46,0.20
2024-03-12,65433.53000000,83.6,Greed,False,4,81,1.2339,35.15,1.29,-12.77,-1.15,-0.24
2024-03-13,66794.50000000,79.7,Greed,False,4,81,1.2266,36.27,0.82,-6.92,-3.72,-5.11
2024-03-14,65641.37000000,80.2,Greed,False,4,88,1.1776,32.36,1.14,-8.06,-0.06,-7.09
2024-03-15,63932.39000000,74.2,Greed,False,4,83,1.1449,27.53,1.24,-7.55,1.52,-3.01
2024-03-16,60105.98000000,79.2,Greed,False,4,81,1.1328,18.87,0.56,-1.31,7.51,-0.64
2024-03-17,62937.54000000,73.5,Greed,False,4,79,1.1290,23.30,0.67,-1.16,5.10,-4.42
2024-03-18,62222.61000000,78.0,Greed,False,4,77,1.1298,20.79,0.57,3.45,4.39,-7.58
2024-03-19,57075.31000000,66.7,Greed,False,4,79,1.1208,10.07,1.67,13.33,6.73,4.66
2024-03-20,62170.25000000,78.7,Greed,False,4,74,1.1338,18.86,1.36,3.44,-1.96,-3.48
2024-03-21,60353.57000000,72.3,Greed,False,4,78,1.1596,14.47,0.82,8.69,4.85,1.35
2024-03-22,59107.50000000,73.4,Greed,False,4,75,1.1443,11.29,0.72,9.81,6.05,3.29
2024-03-23,59318.45000000,64.5,Neutral,False,4,73,1.1292,10.88,0.37,8.93,7.31,5.83
2024-03-24,62205.12000000,70.2,Greed,False,4,74,1.1374,15.31,0.39,6.34,3.05,-0.11
2024-03-25,64371.27000000,74.2,Greed,False,4,75,1.1167,18.24,0.88,0.90,2.00,-6.60
2024-03-26,64683.46000000,74.8,Greed,False,4,81,1.1434,17.73,0.59,-5.83,-1.45,-6.95
2024-03-27,64307.59000000,77.2,Greed,False,4,83,1.1335,16.02,0.87,-5.22,1.79,-7.24
2024-03-28,65601.25000000,73.7,Greed,False,4,80,1.1292,17.32,0.55,-3.54,-0.50,-9.40
2024-03-29,64905.93000000,85.7,Extreme Greed,True,4,79,1.1295,15.14,0.45,-3.43,-2.35,-9.10
2024-03-30,64617.19000000,79.3,Greed,True,4,75,1.1375,13.78,0.28,-1.49,-5.62,-7.73
2024-03-31,66147.46000000,70.2,Greed,False,4,75,1.1332,15.58,0.30,-3.09,-6.26,-14.00
2024-04-01,64953.50000000,72.0,Greed,False,4,79,1.1054,12.69,0.71,1.08,-8.05,-16.01
2024-04-02,60915.25000000,66.5,Greed,False,4,79,1.1176,5.15,1.75,4.65,-1.25,-9.51
2024-04-03,60953.61000000,66.0,Greed,False,4,71,1.1794,4.70,1.03,7.39,-5.66,-4.05
2024-04-04,63280.30000000,71.8,Greed,False,4,70,1.2225,8.14,1.03,3.15,-5.60,-6.12
2024-04-05,62681.04000000,75.3,Greed,False,4,79,1.2706,6.59,0.92,1.12,-4.27,-5.09
2024-04-06,63657.12000000,70.0,Greed,False,4,75,1.3148,7.69,0.31,-4.19,-3.91,-7.80
2024-04-07,64102.84000000,73.1,Greed,False,4,78,1.2922,7.85,0.54,-3.27,-4.76,-9.50
2024-04-08,65656.33000000,75.3,Greed,False,4,76,1.3502,9.83,1.03,-9.04,-4.39,-13.34
2024-04-09,63746.99000000,72.5,Greed,False,4,80,1.3386,6.08,1.22,-5.64,-2.53,-8.19
2024-04-10,65457.09000000,73.9,Greed,False,4,78,1.2264,8.31,1.00,-12.15,-8.15,-13.64
2024-04-11,65276.33000000,70.2,Greed,False,4,76,1.1284,7.40,0.95,-8.49,-7.79,-13.40
2024-04-12,63380.98000000,60.4,Neutral,False,4,79,1.1007,3.73,1.48,-5.33,-5.89,-9.93
2024-04-13,60987.39000000,51.3,Neutral,False,4,72,1.0410,-0.64,2.54,0.30,-2.55,-4.40
2024-04-14,62007.40000000,66.5,Greed,False,4,72,1.0455,0.55,2.12,-1.54,-4.85,-8.15
2024-04-15,59723.58000000,55.2,Neutral,False,4,74,1.0345,-3.53,1.40,5.11,-0.17,1.75
2024-04-16,60154.13000000,63.5,Neutral,False,4,65,1.0854,-3.15,1.31,3.30,-5.43,-0.27
2024-04-17,57506.20000000,59.0,Neutral,False,4,67,1.1458,-7.55,1.14,4.55,-5.14,7.26
2024-04-18,59735.57000000,60.8,Neutral,False,4,57,1.2107,-4.04,0.75,0.76,-7.73,3.04
2024-04-19,60004.21000000,66.2,Greed,False,4,66,1.2365,-3.72,1.14,-0.59,-2.53,1.55
2024-04-20,61169.85000000,62.3,Neutral,False,4,66,1.2826,-1.96,0.28,-2.84,-2.88,5.68
2024-04-21,61052.42000000,73.8,Greed,False,4,72,1.2824,-2.27,0.29,-3.36,-2.56,5.09
2024-04-22,62774.60000000,67.0,Greed,False,4,73,1.3146,0.34,0.68,-5.02,-6.50,1.63
2024-04-23,62136.71000000,71.5,Greed,False,4,71,1.3074,-0.66,0.59,-8.45,-6.64,1.15
2024-04-24,60124.40000000,69.1,Greed,False,4,72,1.2933,-3.91,0.83,-9.27,-5.37,5.15
2024-04-25,60189.23000000,69.3,Greed,False,4,72,1.3142,-3.80,0.87,-8.42,-2.77,6.15
2024-04-26,59649.89000000,71.3,Greed,False,4,70,1.3398,-4.61,0.56,-1.95,-5.24,5.79
2024-04-27,59431.51000000,73.0,Greed,False,4,67,1.3030,-4.87,0.32,-0.04,-4.88,7.46
2024-04-28,58999.63000000,67.3,Greed,False,4,65,1.2927,-5.45,0.23,0.83,-3.24,6.73
2024-04-29,59621.51000000,64.4,Neutral,False,4,67,1.2563,-4.35,0.69,-1.55,-2.21,5.04
2024-04-30,56886.99000000,57.5,Neutral,False,4,67,1.2289,-8.49,1.25,1.98,0.11,10.99
2024-05-01,54551.80000000,53.7,Neutral,False,4,54,1.2059,-11.94,1.33,4.30,11.40,14.12
2024-05-02,55120.01000000,55.3,Neutral,False,4,43,1.2326,-10.68,1.11,6.18,8.84,13.28
2024-05-03,58487.62000000,56.4,Neutral,False,4,48,1.2241,-5.00,1.12,-3.35,5.46,6.80
2024-05-04,59407.39000000,64.7,Neutral,False,4,67,1.2664,-3.37,0.51,-4.85,3.61,6.25
2024-05-05,59489.61000000,63.4,Neutral,False,4,69,1.2936,-3.22,0.34,-4.04,2.43,8.84
2024-05-06,58694.78000000,71.1,Greed,False,4,71,1.2839,-4.38,0.79,-0.67,10.13,11.21
2024-05-07,58011.98000000,65.8,Greed,False,4,68,1.3021,-5.36,0.56,-1.83,10.59,12.09
2024-05-08,56897.98000000,64.2,Neutral,False,4,64,1.2794,-7.17,0.61,6.80,12.12,12.99
2024-05-09,58524.06000000,63.3,Neutral,False,4,55,1.2296,-4.40,0.81,2.51,7.39,9.78
2024-05-10,56526.58000000,60.5,Neutral,False,4,66,1.2083,-7.55,1.01,9.12,11.84,14.37
2024-05-11,56528.80000000,51.6,Neutral,False,4,53,1.1854,-7.47,0.14,8.89,13.03,14.34
2024-05-12,57088.94000000,53.8,Neutral,False,4,56,1.2414,-6.48,0.20,6.73,10.54,9.89
2024-05-13,58303.72000000,61.5,Neutral,False,4,57,1.2412,-4.37,0.78,10.87,9.54,8.34
2024-05-14,56951.98000000,65.1,Greed,False,4,66,1.2928,-6.36,0.77,12.65,10.56,9.22
2024-05-15,60769.23000000,71.0,Greed,False,4,64,1.3835,0.04,1.55,4.98,3.06,1.65
2024-05-16,59994.29000000,68.8,Greed,False,4,70,1.3323,-1.09,1.13,4.76,5.24,3.17
2024-05-17,61679.71000000,69.8,Greed,False,4,74,1.4154,1.82,0.81,2.50,0.94,0.91
2024-05-18,61551.82000000,74.5,Greed,False,4,73,1.4142,1.72,0.35,3.80,1.44,0.66
2024-05-19,60932.29000000,74.3,Greed,False,4,72,1.3537,0.82,0.30,3.56,2.52,-0.36
2024-05-20,64642.33000000,77.5,Greed,False,4,70,1.3633,7.01,1.36,-1.20,-2.35,-6.41
2024-05-21,64157.04000000,69.7,Greed,False,4,76,1.2257,6.24,1.99,-1.85,0.92,-5.57
2024-05-22,63796.48000000,71.8,Greed,False,4,76,1.1150,5.54,0.76,-1.83,2.32,-5.93
2024-05-23,62851.70000000,64.8,Neutral,False,4,76,1.1225,3.91,1.05,0.45,3.46,-4.38
2024-05-24,63221.60000000,59.3,Neutral,False,4,74,1.0819,4.52,0.71,-1.53,1.69,-6.53
2024-05-25,63891.97000000,60.2,Neutral,False,4,76,1.0483,5.59,0.30,-2.27,0.56,-12.02
2024-05-26,63103.54000000,64.0,Neutral,False,4,75,1.0305,4.30,0.42,-1.01,2.45,-8.48
2024-05-27,63864.30000000,65.4,Greed,False,4,74,1.0603,5.57,1.00,-1.17,1.21,-10.77
2024-05-28,62967.85000000,63.0,Neutral,False,4,72,1.1099,4.18,1.10,2.82,-0.37,-8.50
2024-05-29,62628.13000000,67.8,Greed,False,4,72,1.1459,3.66,0.53,4.22,0.86,-9.94
2024-05-30,63137.31000000,67.2,Greed,False,4,73,1.2065,4.58,0.82,2.99,-1.48,-9.82
2024-05-31,62257.03000000,66.9,Greed,False,4,73,1.1966,3.23,1.05,3.26,-0.78,-6.12
2024-06-01,62440.89000000,62.6,Neutral,False,4,72,1.2329,3.56,0.20,2.90,-0.87,-6.18
2024-06-02,62467.00000000,62.3,Neutral,False,4,73,1.2126,3.56,0.35,3.50,-0.36,-7.49
2024-06-03,63120.25000000,67.3,Greed,False,4,73,1.2102,4.60,1.01,2.40,-1.84,-11.60
2024-06-04,64746.13000000,75.5,Greed,False,4,73,1.1899,7.12,1.37,-3.10,-6.23,-18.43
2024-06-05,65273.40000000,76.1,Greed,False,4,75,1.1925,7.81,1.21,-3.23,-7.31,-19.78
2024-06-06,65024.30000000,67.6,Greed,False,4,78,1.1391,7.13,1.22,-4.34,-6.83,-17.25
2024-06-07,64287.01000000,64.8,Neutral,False,4,77,1.0990,5.75,1.78,-3.92,-6.64,-19.66
2024-06-08,64248.82000000,73.6,Greed,True,4,72,1.0703,5.54,0.38,-3.66,-6.46,-18.43
2024-06-09,64651.42000000,64.1,Neutral,False,4,75,1.1151,6.08,0.36,-3.73,-8.59,-16.93
2024-06-10,64635.75000000,67.8,Greed,False,4,72,1.1073,5.93,0.82,-4.14,-13.03,-17.41
2024-06-11,62736.40000000,57.6,Neutral,False,4,74,1.1347,2.82,2.22,-3.22,-7.94,-15.88
2024-06-12,63166.18000000,70.7,Greed,False,4,72,1.2057,3.49,1.72,-4.22,-9.79,-15.87
2024-06-13,62204.16000000,68.0,Greed,False,4,70,1.2681,1.85,1.14,-2.60,-7.38,-13.11
2024-06-14,61769.86000000,69.5,Greed,False,4,74,1.2914,1.08,1.15,-2.84,-8.69,-9.65
2024-06-15,61895.93000000,64.8,Neutral,False,4,74,1.3612,1.22,0.37,-2.90,-8.01,-3.96
2024-06-16,62242.43000000,64.0,Neutral,False,4,71,1.3513,1.69,0.27,-5.05,-6.10,-4.02
2024-06-17,61959.44000000,69.0,Greed,False,4,71,1.3129,1.13,1.15,-9.27,-5.45,-5.35
2024-06-18,60715.68000000,66.0,Greed,False,4,74,1.3042,-0.94,1.69,-4.88,-4.82,-3.26
2024-06-19,60500.86000000,67.3,Greed,False,4,64,1.4288,-1.40,0.94,-5.81,-7.77,1.24
2024-06-20,60584.78000000,70.0,Greed,False,4,60,1.4394,-1.46,1.43,-4.90,-12.82,1.76
2024-06-21,60015.80000000,67.0,Greed,False,4,63,1.4241,-2.54,0.94,-6.02,-12.76,3.43
2024-06-22,60100.04000000,59.5,Neutral,False,4,53,1.4054,-2.46,0.22,-5.26,-10.47,3.30
2024-06-23,59096.20000000,70.0,Greed,False,4,55,1.3418,-4.08,0.46,-1.10,-12.61,2.77
2024-06-24,56215.30000000,55.3,Neutral,False,4,51,1.3424,-8.65,1.95,4.21,-6.77,7.34
2024-06-25,57754.78000000,57.5,Neutral,False,4,30,1.4249,-6.12,1.37,0.06,-7.01,5.06
2024-06-26,56984.28000000,59.6,Neutral,False,4,46,1.2749,-7.35,0.79,-2.08,-6.33,9.77
2024-06-27,57615.92000000,56.1,Neutral,False,4,40,1.2940,-6.34,0.97,-8.33,-8.40,8.46
2024-06-28,56401.26000000,57.7,Neutral,False,4,47,1.2865,-8.25,1.15,-7.16,-5.78,11.51
2024-06-29,56937.99000000,47.4,Neutral,False,4,30,1.2472,-7.39,0.42,-5.50,-5.07,8.46
2024-06-30,58446.39000000,60.5,Neutral,False,4,47,1.3080,-5.00,0.59,-11.63,-4.51,4.81
2024-07-01,58584.12000000,64.5,Neutral,False,4,53,1.3655,-4.82,1.06,-10.54,1.47,1.99
2024-07-02,57788.39000000,59.0,Neutral,False,4,51,1.3668,-6.10,1.04,-7.06,3.38,4.78
2024-07-03,55800.48000000,55.0,Neutral,False,4,50,1.3997,-9.29,1.58,-4.34,5.10,1.49
2024-07-04,52816.24000000,49.8,Neutral,False,4,44,1.3705,-13.92,2.30,-0.08,11.21,5.85
2024-07-05,52360.15000000,46.0,Neutral,False,4,29,1.3840,-14.45,3.40,1.49,16.98,2.06
2024-07-06,53805.82000000,52.8,Neutral,False,4,26,1.4831,-11.86,0.96,0.46,14.58,-7.88
2024-07-07,51646.71000000,52.3,Neutral,False,4,29,1.4644,-15.12,0.74,8.06,20.19,-0.45
2024-07-08,52410.75000000,57.0,Neutral,False,4,28,1.4462,-13.63,1.49,13.42,18.46,-3.71
2024-07-09,53707.77000000,53.0,Neutral,False,4,27,1.3295,-11.17,1.01,11.24,13.08,5.36
2024-07-10,53380.00000000,52.4,Neutral,False,4,28,1.2640,-11.40,1.02,9.87,13.04,4.58
2024-07-11,52774.63000000,53.4,Neutral,False,4,29,1.2960,-12.08,1.07,11.30,14.98,5.98
2024-07-12,53141.29000000,50.0,Neutral,False,4,25,1.3516,-11.18,0.79,15.26,17.71,1.35
2024-07-13,54050.72000000,49.1,Neutral,False,4,25,1.2635,-9.38,0.77,14.06,15.62,0.51
2024-07-14,55810.82000000,51.8,Neutral,False,4,33,1.2930,-6.18,0.76,11.22,12.69,-1.16
2024-07-15,59442.39000000,67.1,Greed,False,4,52,1.2648,0.05,1.24,4.45,3.89,-10.24
2024-07-16,59742.06000000,67.3,Greed,False,4,65,1.2920,0.69,1.16,1.66,2.54,-12.15
2024-07-17,58647.02000000,68.5,Greed,False,4,69,1.3066,-1.01,1.02,2.89,1.88,-8.88
2024-07-18,58739.30000000,61.3,Neutral,False,4,61,1.1909,-0.72,0.61,3.30,3.09,-7.93
2024-07-19,61248.81000000,60.8,Neutral,False,4,60,1.1222,3.59,0.91,2.13,-7.53,-13.37
2024-07-20,61648.68000000,60.9,Neutral,False,4,74,1.1482,4.28,0.36,1.37,-9.32,-12.93
2024-07-21,62075.38000000,70.2,Greed,False,4,74,1.1367,5.02,0.90,1.32,-13.91,-14.49
2024-07-22,62084.61000000,63.9,Neutral,False,4,70,1.0929,5.05,0.61,-0.53,-20.17,-11.73
2024-07-23,60734.26000000,59.2,Neutral,False,4,71,1.0531,2.85,0.88,0.86,-15.35,-10.50
2024-07-24,60343.33000000,60.5,Neutral,False,4,69,1.0397,2.34,0.59,-0.98,-16.37,-5.18
2024-07-25,60680.01000000,57.8,Neutral,False,4,68,1.0822,3.07,0.77,-0.21,-6.75,-5.61
2024-07-26,62551.72000000,65.5,Greed,False,4,68,1.0860,6.34,0.90,-9.46,-10.75,-8.43
2024-07-27,62490.99000000,65.8,Greed,False,4,72,1.0740,6.30,1.07,-10.54,-10.49,-9.84
2024-07-28,62893.43000000,59.6,Neutral,False,4,71,1.0597,7.03,0.43,-15.03,-14.36,-15.34
2024-07-29,61753.16000000,62.4,Neutral,False,4,74,1.0714,5.20,1.84,-19.74,-12.03,-13.99
2024-07-30,61257.20000000,61.2,Neutral,False,4,67,1.1009,4.47,0.88,-16.07,-9.94,-12.43
2024-07-31,59749.19000000,59.3,Neutral,False,4,61,1.0951,2.00,0.89,-15.54,-10.70,-10.36
2024-08-01,60551.52000000,62.1,Neutral,False,4,52,1.1156,3.47,1.60,-6.55,-13.33,-11.87
2024-08-02,56633.83000000,54.8,Neutral,False,4,57,1.0982,-3.04,1.71,-1.43,-5.64,-8.24
2024-08-03,55905.89000000,49.7,Neutral,False,4,37,1.0972,-4.10,1.24,0.05,-3.27,-4.36
2024-08-04,53438.59000000,44.4,Neutral,False,4,34,1.1039,-8.06,1.33,0.79,-0.71,-2.56
2024-08-05,49564.11000000,41.1,Neutral,False,4,26,1.1433,-14.36,6.50,9.61,8.30,5.66
2024-08-06,51413.78000000,55.2,Neutral,False,4,17,1.1855,-10.83,2.02,7.30,3.25,-1.63
2024-08-07,50464.48000000,46.4,Neutral,False,4,29,1.1670,-12.17,1.27,5.73,8.60,-3.08
2024-08-08,56586.70000000,52.5,Neutral,False,4,20,1.1500,-1.38,1.07,-7.25,-3.94,-13.42
2024-08-09,55825.86000000,60.2,Neutral,False,4,48,1.1203,-2.54,0.57,-4.28,2.49,-11.17
2024-08-10,55932.57000000,47.0,Neutral,False,4,40,1.1025,-2.22,0.25,-3.32,2.40,-7.52
2024-08-11,53861.14000000,48.4,Neutral,False,4,39,1.1075,-5.63,0.60,-1.49,6.34,-2.85
2024-08-12,54327.19000000,46.0,Neutral,False,4,25,1.1063,-4.66,0.74,-1.20,3.71,-4.11
2024-08-13,55165.84000000,46.4,Neutral,False,4,31,1.0880,-3.15,0.56,-3.78,-3.48,-4.81
2024-08-14,53355.00000000,43.8,Neutral,False,4,30,1.1111,-6.18,0.81,2.72,-0.45,2.36
2024-08-15,52482.04000000,41.6,Neutral,False,4,29,1.0791,-7.57,0.90,3.57,2.22,3.15
2024-08-16,53437.39000000,42.9,Neutral,False,4,27,1.1484,-5.75,0.50,7.07,0.23,-0.14
2024-08-17,54078.40000000,47.4,Neutral,False,4,25,1.1968,-4.54,0.13,5.91,-1.33,-3.36
2024-08-18,53057.22000000,52.7,Neutral,False,4,31,1.1977,-6.22,0.24,7.95,-2.05,2.22
2024-08-19,53675.93000000,47.6,Neutral,False,4,28,1.1742,-4.96,0.47,4.97,-0.39,3.55
2024-08-20,53083.29000000,46.6,Neutral,False,4,30,1.1631,-5.83,0.81,0.30,-1.91,6.20
2024-08-21,54804.09000000,49.4,Neutral,False,4,26,1.1647,-2.67,0.77,-3.08,-4.45,3.37
2024-08-22,54357.15000000,60.4,Neutral,False,4,39,1.1768,-3.42,0.47,-1.31,-6.96,4.47
2024-08-23,57215.96000000,53.7,Neutral,False,4,34,1.1578,1.50,0.97,-6.39,-14.52,-0.41
2024-08-24,57273.94000000,52.5,Neutral,False,4,56,1.1263,1.43,0.35,-6.83,-14.46,-0.45
2024-08-25,57276.20000000,56.3,Neutral,False,4,54,1.1616,1.31,0.67,-9.27,-13.42,0.28
2024-08-26,56342.22000000,61.5,Neutral,False,4,55,1.1596,-0.51,0.76,-5.10,-8.20,0.73
2024-08-27,53243.79000000,45.7,Neutral,False,4,48,1.1285,-6.01,1.33,-2.21,-1.73,9.54
2024-08-28,53113.91000000,41.3,Neutral,False,4,30,1.1304,-6.22,1.39,-1.41,-1.92,11.01
2024-08-29,53645.07000000,45.7,Neutral,False,4,29,1.1447,-5.29,1.01,-5.72,-2.11,10.04
2024-08-30,53558.38000000,45.8,Neutral,False,4,34,1.1267,-5.47,0.86,-8.68,1.97,9.72
2024-08-31,53361.85000000,48.9,Neutral,False,4,29,1.1159,-5.82,0.24,-8.18,1.45,6.63
2024-09-01,51969.10000000,43.0,Neutral,False,4,26,1.0740,-8.21,0.76,-4.58,2.68,5.87
2024-09-02,53467.26000000,41.8,Neutral,False,4,26,1.0942,-5.49,0.93,-3.26,-2.25,2.73
2024-09-03,52069.25000000,44.2,Neutral,False,4,26,1.1334,-7.72,1.11,0.49,4.16,5.82
2024-09-04,52367.18000000,49.1,Neutral,False,4,27,1.1467,-6.95,1.88,-0.52,6.14,8.07
2024-09-05,50576.57000000,40.6,Neutral,False,4,29,1.1231,-9.87,1.27,3.83,11.47,11.84
2024-09-06,48908.49000000,33.9,Fear,False,4,22,1.1045,-12.54,2.06,11.67,15.83,17.07
2024-09-07,48994.27000000,38.3,Neutral,False,4,23,1.0906,-12.00,0.59,10.50,15.91,15.78
2024-09-08,49591.03000000,39.1,Neutral,False,4,29,1.0797,-10.54,0.62,7.60,14.91,14.24
2024-09-09,51724.70000000,41.3,Neutral,False,4,26,1.0868,-6.34,1.17,1.04,10.23,7.13
2024-09-10,52324.50000000,50.1,Neutral,False,4,33,1.0996,-4.92,0.84,3.65,9.77,5.43
2024-09-11,52094.62000000,43.2,Neutral,False,4,37,1.0725,-5.04,1.14,6.70,8.95,9.62
2024-09-12,52512.59000000,49.1,Neutral,False,4,31,1.0916,-4.00,1.20,7.36,11.07,9.81
2024-09-13,54615.82000000,51.2,Neutral,False,4,32,1.0606,0.07,1.62,3.72,7.95,4.99
2024-09-14,54137.15000000,54.6,Neutral,False,4,50,1.0635,-0.50,0.54,4.90,9.04,11.75
2024-09-15,53362.39000000,56.8,Neutral,False,4,51,1.0949,-1.60,0.57,6.79,10.13,15.37
2024-09-16,52262.76000000,46.0,Neutral,False,4,39,1.0703,-3.24,1.31,9.09,8.87,18.98
2024-09-17,54234.64000000,51.1,Neutral,False,4,33,1.0557,0.69,1.68,5.90,1.45,14.60
2024-09-18,55582.38000000,54.0,Neutral,False,4,45,1.0541,3.41,1.31,2.11,-1.18,13.26
2024-09-19,56376.57000000,59.9,Neutral,False,4,49,1.0520,5.02,1.56,3.45,-2.26,11.47
2024-09-20,56648.45000000,57.4,Neutral,False,4,54,1.0916,5.68,0.77,4.08,-0.10,11.71
2024-09-21,56787.26000000,55.8,Neutral,False,4,54,1.1071,5.93,0.22,3.95,-0.39,9.59
2024-09-22,56983.17000000,55.8,Neutral,False,4,52,1.1141,6.25,0.44,3.13,0.48,9.53
2024-09-23,57014.05000000,58.7,Neutral,False,4,50,1.1283,6.17,0.78,-0.20,-0.50,8.44
2024-09-24,57436.25000000,60.7,Neutral,False,4,54,1.1049,6.64,0.90,-4.21,-1.36,9.65
2024-09-25,56756.30000000,64.8,Neutral,False,4,59,1.1112,5.17,0.60,-3.22,-2.37,9.08
2024-09-26,58323.89000000,62.8,Neutral,False,4,50,1.0947,7.76,1.39,-5.53,-5.42,6.68
2024-09-27,58960.04000000,62.6,Neutral,False,4,61,1.1070,8.84,1.06,-4.01,-3.15,6.79
2024-09-28,59032.59000000,57.1,Neutral,False,4,64,1.0881,8.85,0.38,-4.18,-2.32,9.25
2024-09-29,58766.59000000,64.7,Neutral,False,4,63,1.0535,8.24,0.34,-2.57,-2.42,14.23
2024-09-30,56900.96000000,51.8,Neutral,False,4,61,1.0054,4.69,1.16,-0.31,6.32,17.12
2024-10-01,55018.95000000,44.7,Neutral,False,4,50,0.9940,1.20,1.39,2.97,11.90,17.41
2024-10-02,54927.78000000,46.8,Neutral,False,4,42,1.0005,1.04,1.14,0.88,13.20,16.90
2024-10-03,55100.47000000,46.0,Neutral,False,4,37,1.0100,1.29,1.01,0.12,12.80,16.56
2024-10-04,56593.11000000,47.0,Neutral,False,4,41,1.0098,3.88,0.98,0.91,11.24,11.99
2024-10-05,56563.39000000,53.7,Neutral,False,4,49,1.0042,3.71,0.37,1.94,11.10,10.37
2024-10-06,57257.50000000,45.4,Neutral,False,4,50,1.0324,4.86,0.47,0.15,10.52,10.95
2024-10-07,56727.15000000,52.6,Neutral,False,4,50,1.0708,3.75,1.16,6.64,9.71,23.49
2024-10-08,56653.42000000,55.5,Neutral,False,4,49,1.1222,3.50,0.92,8.67,10.17,23.91
2024-10-09,55412.68000000,54.0,Neutral,False,4,49,1.0985,1.15,1.00,12.21,11.57,28.75
2024-10-10,55164.80000000,45.8,Neutral,False,4,39,1.0671,0.68,1.47,12.66,14.17,29.58
2024-10-11,57105.71000000,47.3,Neutral,False,4,32,1.0583,4.12,1.20,10.24,8.41,31.02
2024-10-12,57662.55000000,55.3,Neutral,False,4,49,1.0780,5.12,0.66,8.98,7.90,42.65
2024-10-13,57341.52000000,53.0,Neutral,False,4,50,1.0347,4.53,0.78,10.36,9.80,43.26
2024-10-14,60495.60000000,62.5,Neutral,False,4,48,1.0344,10.15,2.60,2.87,6.60,41.05
2024-10-15,61564.08000000,61.2,Neutral,False,4,65,0.9986,11.88,1.72,1.38,9.04,34.71
2024-10-16,62180.01000000,63.7,Neutral,False,4,73,1.0096,12.64,1.38,-0.57,7.18,38.44
2024-10-17,62150.77000000,59.9,Neutral,False,4,71,1.0846,12.22,1.33,1.33,3.94,37.58
2024-10-18,62952.65000000,67.4,Greed,False,4,73,1.0763,13.28,1.21,-1.66,1.99,34.89
2024-10-19,62842.78000000,65.8,Greed,False,4,72,1.0305,12.71,0.42,-0.99,2.20,35.95
2024-10-20,63281.01000000,59.6,Neutral,False,4,73,1.0513,13.09,0.79,-0.50,0.15,37.75
2024-10-21,62233.28000000,55.5,Neutral,False,4,72,0.9997,10.81,1.45,3.63,0.32,43.54
2024-10-22,62416.41000000,58.5,Neutral,False,4,70,0.9941,10.79,1.04,7.55,1.78,49.65
2024-10-23,61825.13000000,52.6,Neutral,False,4,71,0.9469,9.36,1.21,7.79,13.31,52.68
2024-10-24,62980.00000000,52.7,Neutral,False,4,69,0.8976,10.98,0.99,2.57,11.46,47.99
2024-10-25,61907.00000000,49.0,Neutral,False,4,72,0.8865,8.66,1.30,3.72,15.25,50.90
2024-10-26,62220.22000000,45.3,Neutral,False,3,,0.9141,8.70,0.56,3.22,14.89,42.89
2024-10-27,62961.58000000,49.9,Neutral,False,4,74,0.9121,9.46,0.39,0.66,18.83,39.15
2024-10-28,64491.00000000,61.8,Neutral,False,4,72,0.9756,11.54,1.40,-3.20,27.54,40.77
2024-10-29,67126.55000000,71.3,Greed,False,4,72,0.9910,15.49,2.75,-5.36,22.38,34.99
2024-10-30,66642.34000000,60.0,Neutral,False,4,77,1.0155,14.09,1.23,5.12,28.04,38.17
2024-10-31,64598.02000000,62.0,Neutral,False,4,77,0.9797,10.12,1.19,8.67,28.39,40.92
2024-11-01,64207.92000000,61.1,Neutral,False,4,75,0.9727,9.02,1.20,11.12,34.07,43.32
2024-11-02,64225.50000000,57.2,Neutral,False,4,72,1.0097,8.69,0.34,11.30,33.14,42.07
2024-11-03,63378.34000000,62.4,Neutral,False,4,74,1.0034,6.93,0.97,18.05,33.98,43.75
2024-11-04,62429.62000000,56.5,Neutral,False,4,70,0.9789,5.00,1.22,31.75,36.85,50.22
2024-11-05,63527.24000000,63.0,Neutral,False,4,70,0.9590,6.45,1.50,29.31,37.21,44.38
2024-11-06,70054.71000000,71.9,Greed,False,4,70,0.9629,16.77,4.49,21.80,27.52,34.67
2024-11-07,70197.37000000,70.3,Greed,False,4,77,0.9700,16.44,1.50,18.15,33.06,34.44
2024-11-08,71346.12000000,66.3,Greed,False,4,75,0.9757,17.76,1.03,20.66,32.31,34.05
2024-11-09,71485.06000000,61.8,Neutral,False,4,75,0.9384,17.41,0.50,19.62,30.38,29.15
2024-11-10,74817.61000000,74.4,Greed,False,4,78,0.9727,22.16,2.23,13.50,24.86,23.00
2024-11-11,82253.94000000,74.1,Greed,False,4,76,0.9766,33.20,2.65,3.86,8.08,16.77
2024-11-12,82148.94000000,59.6,Neutral,False,4,80,0.9664,31.96,3.05,6.11,6.65,16.14
2024-11-13,85326.33000000,75.3,Greed,False,4,84,0.9616,35.85,2.18,4.69,6.40,13.15
2024-11-14,82934.78000000,64.8,Neutral,False,4,88,0.9560,30.95,1.33,12.63,9.26,16.26
2024-11-15,86083.64000000,66.8,Greed,False,4,80,0.9604,34.74,0.93,9.66,6.97,15.16
2024-11-16,85507.00000000,70.3,Greed,False,4,86,0.9511,32.73,0.54,9.00,6.46,17.60
2024-11-17,84915.15000000,69.2,Greed,False,4,90,0.9169,30.76,0.56,10.01,8.37,19.11
2024-11-18,85432.65000000,64.6,Neutral,False,4,83,0.9121,30.49,0.97,4.06,6.81,13.31
2024-11-19,87168.44000000,67.4,Greed,False,4,90,0.9287,31.92,0.84,0.51,4.52,8.15
2024-11-20,89331.86000000,67.1,Greed,False,4,83,0.9521,33.80,0.89,1.63,4.98,5.37
2024-11-21,93406.68000000,71.9,Greed,False,4,82,0.9775,38.31,1.47,-2.99,-1.81,0.14
2024-11-22,94396.99000000,71.0,Greed,False,4,94,0.9738,38.17,1.08,-2.45,-0.06,-3.23
2024-11-23,93205.20000000,73.7,Greed,False,4,93,0.9839,34.98,0.54,-2.33,1.25,-2.21
2024-11-24,93417.04000000,66.0,Greed,False,4,80,0.9940,33.86,0.68,-1.49,2.38,1.57
2024-11-25,88904.13000000,68.3,Greed,False,4,82,0.9817,26.25,0.86,2.64,3.84,7.53
2024-11-26,87609.69000000,63.2,Neutral,False,4,79,0.9694,23.33,1.61,3.99,5.04,4.81
2024-11-27,90783.86000000,63.9,Neutral,False,4,75,0.9784,26.58,0.80,3.30,5.80,-0.41
2024-11-28,90617.18000000,71.6,Greed,False,4,77,0.9711,25.12,0.40,1.22,5.29,0.66
2024-11-29,92081.58000000,62.1,Neutral,False,4,78,0.9761,25.86,0.48,2.46,4.85,-2.66
2024-11-30,91030.87000000,73.4,Greed,False,4,84,0.9737,23.28,0.26,3.67,5.92,-2.21
2024-12-01,92024.64000000,62.7,Neutral,False,4,81,0.9739,23.47,0.39,3.93,7.73,-1.98
2024-12-02,91246.94000000,67.6,Greed,False,4,80,0.9761,21.33,0.89,1.18,10.20,-0.07
2024-12-03,91108.07000000,66.7,Greed,False,4,76,0.9779,20.16,0.87,1.01,11.02,3.50
2024-12-04,93780.93000000,67.2,Greed,False,4,78,0.9790,22.65,1.09,2.42,3.22,1.26
2024-12-05,91718.54000000,61.5,Neutral,False,4,84,0.9839,19.03,2.56,4.02,2.78,3.76
2024-12-06,94343.16000000,66.0,Greed,False,4,72,0.9851,21.42,0.96,2.34,-0.23,1.12
2024-12-07,94374.45000000,62.2,Neutral,False,4,75,0.9938,20.49,0.33,2.17,-0.89,4.33
2024-12-08,95637.29000000,63.7,Neutral,False,4,79,1.0039,21.09,0.38,3.66,-4.48,-1.90
2024-12-09,92320.74000000,68.8,Greed,False,4,78,1.0105,16.03,1.06,8.92,-1.27,-0.10
2024-12-10,92027.32000000,60.5,Neutral,False,4,78,1.0206,14.81,1.27,9.91,3.10,-2.16
2024-12-11,96049.13000000,67.4,Greed,False,4,74,1.0027,18.83,1.05,0.78,-0.47,-3.63
2024-12-12,95408.93000000,72.6,Greed,False,4,83,1.0113,17.06,0.79,-1.19,-3.76,-3.27
2024-12-13,96550.41000000,66.8,Greed,False,4,76,1.0313,17.49,0.59,-2.51,-6.36,-4.36
2024-12-14,96423.48000000,76.0,Greed,False,4,83,1.0292,16.36,0.33,-3.00,-5.41,-4.52
2024-12-15,99133.61000000,69.3,Greed,False,4,80,1.0593,18.58,0.70,-7.85,-9.59,-5.48
2024-12-16,100552.50000000,77.9,Greed,False,4,83,1.0837,19.20,1.45,-9.36,-11.47,-3.35
2024-12-17,101146.17000000,76.1,Greed,False,4,87,1.0997,18.87,0.88,-6.19,-10.82,-4.22
2024-12-18,96801.92000000,65.8,Greed,False,4,81,1.0981,12.98,1.25,-1.24,-5.81,4.33
2024-12-19,94271.54000000,63.5,Neutral,False,4,75,1.0854,9.32,1.49,-2.60,0.03,6.97
2024-12-20,94129.32000000,61.9,Neutral,False,4,74,1.0641,8.41,1.60,-3.95,0.89,4.82
2024-12-21,93535.53000000,67.3,Greed,False,4,73,1.0545,7.01,0.59,-2.48,1.74,5.07
2024-12-22,91350.71000000,61.7,Neutral,False,4,73,0.9928,3.86,0.49,-1.88,4.44,11.58
2024-12-23,91144.87000000,58.6,Neutral,False,4,70,0.9962,2.98,0.73,-2.34,8.02,9.34
2024-12-24,94882.42000000,59.9,Neutral,False,4,73,1.0083,6.42,0.65,-4.93,-1.12,5.24
2024-12-25,95596.79000000,57.9,Neutral,False,4,73,1.0172,6.45,0.46,-4.62,-3.52,4.56
2024-12-26,91820.51000000,61.6,Neutral,False,4,79,1.0123,1.76,0.69,2.70,-1.93,8.84
2024-12-27,90409.02000000,61.0,Neutral,False,4,74,1.0256,-0.25,0.72,5.04,2.38,8.48
2024-12-28,91211.32000000,54.1,Neutral,False,4,72,1.0472,0.19,0.28,4.33,1.18,7.22
2024-12-29,89630.32000000,63.0,Neutral,False,4,73,1.0664,-1.94,0.57,6.44,3.03,8.46
2024-12-30,89014.63000000,57.1,Neutral,False,4,65,1.0416,-2.91,0.98,10.61,3.43,11.72
2024-12-31,90206.00000000,55.4,Neutral,False,4,64,1.0119,-1.78,1.00,4.00,3.87,11.48
2025-01-01,91180.01000000,50.0,Neutral,False,4,66,0.9956,-0.92,0.49,1.15,6.59,8.63
2025-01-02,94299.70000000,57.6,Neutral,False,4,70,1.0259,2.27,0.95,-4.51,2.74,3.42
2025-01-03,94966.61000000,62.3,Neutral,False,4,74,0.9514,2.73,2.43,-2.53,6.35,0.59
2025-01-04,95163.64000000,49.2,Neutral,False,4,73,0.9448,2.74,0.31,-3.02,5.97,3.35
2025-01-05,95402.12000000,49.5,Neutral,False,4,72,0.9556,2.78,0.25,-3.21,3.42,-0.97
2025-01-06,98458.40000000,61.3,Neutral,False,4,76,0.9707,5.76,0.93,-6.49,-0.19,-5.58
2025-01-07,93817.29000000,52.1,Neutral,False,4,78,0.9522,0.60,1.25,-0.12,8.64,-0.81
2025-01-08,92230.00000000,50.4,Neutral,False,4,70,0.9568,-1.21,1.39,5.37,8.05,1.47
2025-01-09,90043.94000000,50.1,Neutral,False,4,69,0.9563,-3.57,1.39,7.59,10.90,3.95
2025-01-10,92559.57000000,57.4,Neutral,False,4,50,1.0472,-0.86,1.30,9.11,7.99,1.16
2025-01-11,92290.71000000,63.2,Neutral,False,4,69,1.0437,-1.10,0.32,9.27,8.28,2.53
2025-01-12,92344.22000000,53.7,Neutral,False,4,62,1.0804,-1.03,0.49,6.85,6.20,0.11
2025-01-13,92066.92000000,51.5,Neutral,False,4,61,1.0905,-1.29,2.02,6.74,6.22,2.30
2025-01-14,93700.80000000,62.6,Neutral,False,4,63,1.1387,0.35,0.99,8.78,3.75,-1.39
2025-01-15,97185.26000000,68.9,Greed,False,4,70,1.1541,3.87,1.28,2.54,2.33,-4.31
2025-01-16,96881.52000000,65.1,Greed,False,4,75,1.1314,3.41,0.98,3.07,3.80,-3.87
2025-01-17,100996.00000000,73.4,Greed,False,4,75,1.1243,7.57,1.69,-1.03,-1.93,-9.16
2025-01-18,100846.96000000,66.3,Greed,False,4,77,1.1226,7.21,1.30,-0.90,-3.29,-9.43
2025-01-19,98668.03000000,54.6,Neutral,False,4,77,1.0756,4.72,2.46,-0.60,-3.19,-7.23
2025-01-20,98275.85000000,53.4,Neutral,False,4,76,1.0602,4.17,2.66,-0.49,0.08,-5.88
2025-01-21,101926.59000000,65.2,Greed,False,4,76,1.0482,7.79,1.08,-4.63,-7.31,-8.20
2025-01-22,99654.75000000,69.0,Greed,False,4,84,1.0348,5.20,0.67,-0.21,-6.71,-7.69
2025-01-23,99855.50000000,68.4,Greed,False,4,75,1.0431,5.28,1.60,0.71,-6.80,-7.59
2025-01-24,99958.00000000,62.4,Neutral,False,4,75,1.0475,5.20,0.78,-0.91,-6.38,-8.22
2025-01-25,99935.95000000,69.3,Greed,False,4,75,1.0364,5.06,0.38,-2.41,-6.34,-12.36
2025-01-26,98073.92000000,62.8,Neutral,False,4,73,1.0156,3.02,0.34,-2.60,-4.53,-14.07
2025-01-27,97793.50000000,53.3,Neutral,False,4,71,1.0115,2.68,1.62,0.57,-3.24,-17.97
2025-01-28,97210.99000000,56.7,Neutral,False,4,72,0.9982,1.96,0.81,-2.81,-4.90,-16.21
2025-01-29,99446.46000000,54.8,Neutral,False,4,72,1.0115,4.14,0.77,-6.52,-5.29,-18.23
2025-01-30,100562.76000000,59.7,Neutral,False,4,70,1.0185,5.21,0.56,-7.46,-8.12,-17.39
2025-01-31,99049.21000000,59.5,Neutral,False,4,76,0.9850,3.55,0.65,-5.52,-6.11,-8.54
2025-02-01,97528.13000000,60.0,Neutral,False,4,68,0.9853,1.94,0.32,-4.02,-4.51,-15.68
2025-02-02,95523.60000000,49.4,Neutral,False,4,60,0.9883,-0.14,1.22,-1.98,-3.95,-13.95
2025-02-03,98355.61000000,57.4,Neutral,False,4,44,1.0036,2.84,2.22,-3.79,-7.13,-14.63
2025-02-04,94474.99000000,57.4,Neutral,False,4,72,1.0122,-1.09,0.89,-2.15,-3.11,-11.73
2025-02-05,92966.51000000,55.3,Neutral,False,4,54,1.0116,-2.50,0.55,1.31,-0.50,-13.81
2025-02-06,93061.60000000,50.0,Neutral,False,4,49,1.0291,-2.33,0.70,-0.71,0.55,-14.40
2025-02-07,93584.12000000,49.5,Neutral,False,4,44,1.0444,-1.76,0.74,-0.63,-1.70,-20.56
2025-02-08,93602.71000000,49.0,Neutral,False,4,44,1.0779,-1.73,0.26,-0.51,-1.42,-22.51
2025-02-09,93630.43000000,53.8,Neutral,False,4,46,1.1067,-1.71,0.52,-2.01,-2.02,-18.83
2025-02-10,94626.84000000,52.6,Neutral,False,4,43,1.0987,-0.73,0.68,-3.47,-7.44,-18.73
2025-02-11,92447.59000000,58.0,Neutral,False,4,47,1.0894,-3.04,0.68,-0.99,-8.84,-19.14
2025-02-12,94188.01000000,53.1,Neutral,False,4,46,1.0952,-1.20,0.78,-1.79,-14.83,-18.00
2025-02-13,92400.15000000,57.2,Neutral,False,4,50,1.0642,-3.01,0.67,1.26,-11.85,-16.02
2025-02-14,92997.60000000,51.7,Neutral,False,4,48,1.0656,-2.41,0.60,-1.08,-12.56,-18.35
2025-02-15,93129.99000000,48.7,Neutral,False,4,50,1.0487,-2.33,0.20,-0.92,-10.80,-17.37
2025-02-16,91746.31000000,60.7,Neutral,False,4,54,1.0652,-3.79,0.33,-0.00,-1.26,-17.57
2025-02-17,91340.43000000,61.4,Neutral,False,4,51,1.1280,-4.25,0.75,-4.11,-9.97,-12.83
2025-02-18,91535.90000000,57.7,Neutral,False,4,47,1.1248,-4.09,1.03,-7.93,-10.20,-15.23
2025-02-19,92498.34000000,54.8,Neutral,False,4,44,1.1302,-3.13,0.68,-13.28,-9.22,-15.96
2025-02-20,93568.86000000,57.3,Neutral,False,4,49,1.1518,-2.06,0.66,-12.95,-10.87,-17.14
2025-02-21,91990.87000000,60.5,Neutral,False,4,55,1.1376,-3.67,1.18,-11.60,-12.89,-13.60
2025-02-22,92271.76000000,52.8,Neutral,False,4,49,1.1193,-3.32,0.28,-9.97,-13.67,-12.19
2025-02-23,91743.11000000,60.1,Neutral,False,4,50,1.0721,-3.80,0.34,-1.25,-18.97,-11.68
2025-02-24,87584.45000000,40.9,Neutral,False,4,49,0.9727,-8.01,1.48,-6.11,-17.18,-7.58
2025-02-25,84274.25000000,31.4,Fear,False,4,25,0.9769,-11.22,3.77,-2.47,-9.82,-4.16
2025-02-26,80217.72000000,25.0,Fear,False,4,21,0.9450,-15.25,2.55,4.68,-4.13,-2.77
2025-02-27,81452.11000000,40.0,Neutral,False,4,10,0.9299,-13.75,2.17,2.39,-8.23,-6.19
2025-02-28,81315.68000000,27.2,Fear,False,4,16,0.9408,-13.74,3.05,-1.46,-5.02,-6.37
2025-03-01,83070.00000000,36.9,Neutral,False,4,20,0.9636,-11.70,0.80,-4.11,-6.59,-8.18
2025-03-02,90592.39000000,49.0,Neutral,False,4,26,0.9991,-3.67,1.98,-17.94,-16.18,-12.92
2025-03-03,82235.06000000,35.9,Neutral,False,4,33,1.0272,-12.37,2.35,-11.80,-6.42,-7.97
2025-03-04,82195.66000000,35.7,Neutral,False,4,15,1.0386,-12.22,1.84,-7.54,-7.99,-8.35
2025-03-05,83970.96000000,41.8,Neutral,False,4,20,1.0585,-10.14,0.93,-8.42,-5.18,-8.89
2025-03-06,83395.37000000,44.0,Neutral,False,4,25,1.0743,-10.49,0.95,-10.37,-6.95,-8.71
2025-03-07,80130.98000000,42.4,Neutral,False,4,34,1.0716,-13.69,1.45,-3.62,-2.99,-11.03
2025-03-08,79656.38000000,50.4,Neutral,False,4,28,1.0842,-13.80,0.24,-2.58,-2.67,-8.94
2025-03-09,74343.38000000,41.7,Neutral,False,4,27,1.0494,-19.09,0.76,2.14,6.90,-6.53
2025-03-10,72534.67000000,34.1,Fear,False,4,20,1.0553,-20.60,1.34,6.09,11.70,3.99
2025-03-11,76000.00000000,43.9,Neutral,False,4,24,1.0757,-16.40,1.47,-0.49,6.62,-6.97
2025-03-12,76902.40000000,47.4,Neutral,False,4,34,1.0929,-14.94,0.90,3.54,5.26,-4.56
2025-03-13,74748.84000000,49.2,Neutral,False,4,45,1.0969,-16.87,0.72,3.81,8.06,0.56
2025-03-14,77233.30000000,43.5,Neutral,False,4,27,1.0980,-13.67,0.70,0.65,0.99,-4.36
2025-03-15,77597.36000000,45.2,Neutral,False,4,46,1.0897,-12.83,0.16,-0.09,-1.53,-3.80
2025-03-16,75934.53000000,52.4,Neutral,False,4,30,1.1085,-14.23,0.47,4.66,0.27,-2.39
2025-03-17,76952.08000000,46.5,Neutral,False,4,32,1.1255,-12.67,0.58,5.29,-0.88,-4.17
2025-03-18,75629.19000000,49.6,Neutral,False,4,34,1.0875,-13.73,0.57,7.14,4.31,-1.21
2025-03-19,79622.55000000,46.6,Neutral,False,4,32,1.0871,-8.81,0.81,1.67,-4.95,-6.82
2025-03-20,77596.94000000,52.7,Neutral,False,4,49,1.0763,-10.69,0.75,4.09,-2.92,-3.80
2025-03-21,77738.34000000,41.0,Neutral,False,4,31,1.0817,-10.05,0.43,0.33,-1.59,-4.24
2025-03-22,77526.92000000,50.9,Neutral,False,4,32,1.0770,-9.85,0.12,-1.44,-1.80,-1.96
2025-03-23,79476.59000000,42.5,Neutral,False,4,30,1.1105,-7.19,0.23,-4.20,-10.29,3.51
2025-03-24,81022.98000000,51.4,Neutral,False,4,45,1.1119,-5.06,0.95,-5.86,-10.48,2.13
2025-03-25,81027.96000000,58.7,Neutral,False,4,46,1.1453,-4.67,0.80,-2.64,-14.24,2.02
2025-03-26,80949.41000000,59.3,Neutral,False,4,47,1.1104,-4.46,0.57,-6.50,-6.82,3.03
2025-03-27,80770.47000000,58.7,Neutral,False,4,40,1.1292,-4.39,0.63,-6.74,-12.46,3.21
2025-03-28,77997.83000000,50.8,Neutral,False,4,44,1.1066,-7.34,0.98,-1.91,-5.90,6.01
2025-03-29,76410.66000000,48.5,Neutral,False,4,26,1.1026,-8.86,0.52,-0.36,-1.63,8.99
2025-03-30,76137.01000000,47.4,Neutral,False,4,32,1.0601,-8.80,0.51,-6.36,-2.99,8.79
2025-03-31,76278.03000000,47.9,Neutral,False,4,34,1.0373,-8.25,1.30,-4.91,-2.14,9.03
2025-04-01,78886.54000000,52.6,Neutral,False,4,34,1.0314,-4.76,1.34,-11.91,-6.04,8.25
2025-04-02,75684.19000000,39.5,Neutral,False,4,44,1.0448,-8.25,2.85,-0.34,-2.56,13.40
2025-04-03,75329.46000000,33.1,Fear,False,4,25,1.0113,-8.26,2.17,-6.14,-0.82,12.81
2025-04-04,76504.25000000,49.3,Neutral,False,4,28,1.0209,-6.47,2.40,-4.06,-3.02,8.99
2025-04-05,76135.28000000,41.0,Neutral,False,4,30,1.0196,-6.53,0.57,-1.27,-1.95,10.04
2025-04-06,71294.99000000,32.4,Fear,False,4,34,1.0279,-12.00,2.84,3.60,4.41,19.79
2025-04-07,72533.93000000,44.6,Neutral,False,4,23,1.0269,-10.05,4.34,2.92,4.79,18.33
2025-04-08,69489.10000000,32.4,Fear,False,4,24,1.0028,-13.35,1.56,6.66,18.39,32.15
2025-04-09,75428.82000000,42.4,Neutral,False,4,18,1.0077,-5.57,3.16,-2.23,9.71,21.25
2025-04-10,70705.86000000,40.0,Neutral,False,4,39,1.0039,-11.00,1.11,5.66,16.91,31.57
2025-04-11,73398.74000000,40.3,Neutral,False,4,25,1.0060,-7.14,1.54,1.09,13.63,25.96
2025-04-12,75166.76000000,43.3,Neutral,False,4,43,1.0260,-4.49,0.43,-0.69,10.91,23.18
2025-04-13,73863.34000000,44.6,Neutral,False,4,45,1.0167,-5.71,0.57,0.78,11.94,26.03
2025-04-14,74648.87000000,42.9,Neutral,False,4,31,1.0283,-4.29,0.78,1.82,11.56,24.08
2025-04-15,74118.24000000,50.3,Neutral,False,4,38,1.0414,-4.64,0.55,10.99,11.75,25.16
2025-04-16,73747.00000000,47.6,Neutral,False,4,29,1.0308,-4.86,0.53,12.21,12.77,25.77
2025-04-17,74710.35000000,41.7,Neutral,False,4,30,1.0576,-3.48,0.40,10.65,14.30,23.77
2025-04-18,74195.81000000,50.9,Neutral,False,4,33,1.0272,-3.96,0.15,12.41,15.67,28.28
2025-04-19,74647.38000000,41.9,Neutral,False,4,32,1.0524,-3.21,0.23,11.68,13.84,25.92
2025-04-20,74441.42000000,54.4,Neutral,False,4,37,1.0720,-3.26,0.34,11.08,12.01,27.16
2025-04-21,76005.09000000,51.9,Neutral,False,4,39,1.1040,-0.85,0.95,9.57,10.23,27.26
2025-04-22,82267.42000000,65.9,Greed,False,4,47,1.1666,7.32,1.63,0.68,3.81,20.23
2025-04-23,82752.47000000,72.9,Greed,False,4,72,1.1948,7.93,1.20,0.50,3.72,14.19
2025-04-24,82665.62000000,69.4,Greed,False,4,63,1.1964,7.86,0.56,3.30,11.08,14.85
2025-04-25,83400.80000000,68.8,Greed,False,4,60,1.3540,8.81,0.88,2.90,9.66,15.01
2025-04-26,83364.55000000,74.9,Greed,False,4,65,1.2953,8.68,0.22,1.94,11.59,15.29
2025-04-27,82685.95000000,73.5,Greed,False,4,61,1.2786,7.71,0.29,0.84,11.81,16.23
2025-04-28,83281.87000000,63.1,Neutral,False,4,54,1.2342,8.23,0.72,0.59,11.17,15.30
2025-04-29,82828.47000000,67.7,Greed,False,4,60,1.1582,7.35,0.78,3.11,12.39,12.13
2025-04-30,83164.11000000,62.5,Neutral,False,4,56,1.1262,7.59,0.94,3.20,11.38,10.30
2025-05-01,85394.08000000,61.6,Neutral,False,4,53,1.1233,10.23,0.97,7.53,8.63,8.16
2025-05-02,85823.34000000,55.4,Neutral,False,4,67,0.9986,10.47,0.80,6.56,8.07,8.56
2025-05-03,84981.53000000,62.4,Neutral,False,4,65,0.9975,9.17,0.34,9.47,8.81,8.81
2025-05-04,83378.78000000,59.2,Neutral,False,4,64,0.9889,6.95,0.51,10.88,14.15,11.09
2025-05-05,83777.37000000,51.2,Neutral,False,4,52,0.9897,7.25,0.74,10.52,12.19,9.48
2025-05-06,85404.55000000,56.0,Neutral,False,4,59,1.0003,9.09,0.87,9.00,10.84,3.88
2025-05-07,85827.28000000,58.7,Neutral,False,4,67,1.0138,9.35,1.08,7.92,12.69,6.74
2025-05-08,91827.62000000,70.4,Greed,False,4,65,1.0069,16.63,2.08,1.02,7.71,0.91
2025-05-09,91456.32000000,64.0,Neutral,False,4,73,0.9889,15.75,1.02,1.41,3.33,1.41
2025-05-10,93025.99000000,61.9,Neutral,False,4,70,1.0131,17.28,0.60,-0.60,2.06,3.72
2025-05-11,92453.97000000,64.9,Neutral,False,4,70,1.0230,16.13,0.90,2.95,3.75,4.27
2025-05-12,92587.21000000,68.2,Greed,False,4,70,1.0141,15.91,1.66,1.52,3.80,1.99
2025-05-13,93087.57000000,64.7,Neutral,False,4,70,1.0185,16.19,1.12,1.69,3.25,-2.07
2025-05-14,92625.69000000,65.1,Greed,False,4,73,1.0124,15.28,0.89,4.42,3.67,-0.77
2025-05-15,92762.84000000,64.4,Neutral,False,4,70,1.0127,15.11,1.02,6.63,0.12,-1.50
2025-05-16,92749.30000000,64.2,Neutral,False,4,71,1.0533,14.75,0.66,1.89,-1.10,-1.35
2025-05-17,92471.86000000,66.3,Greed,False,4,74,1.0300,14.00,0.43,2.67,-0.12,-0.03
2025-05-18,95177.83000000,70.5,Greed,False,4,74,1.0391,16.79,1.42,0.78,-2.11,-4.36
2025-05-19,93993.45000000,58.1,Neutral,False,4,74,1.0414,14.84,1.44,2.25,-1.62,-2.77
2025-05-20,94662.05000000,70.1,Greed,False,4,71,1.0471,15.14,1.31,1.53,-2.16,-3.98
2025-05-21,96722.47000000,74.4,Greed,False,4,70,1.0607,17.14,2.29,-0.72,-5.17,-7.20
2025-05-22,98909.34000000,71.3,Greed,False,4,72,1.0627,19.11,1.91,-6.10,-10.30,-10.32
2025-05-23,94499.08000000,58.1,Neutral,False,4,78,1.0219,13.28,1.55,-2.93,-3.06,-7.07
2025-05-24,94937.85000000,56.6,Neutral,False,4,66,1.0269,13.31,0.65,-2.71,-2.40,-4.23
2025-05-25,95919.32000000,59.0,Neutral,False,4,74,1.0347,13.94,0.79,-2.86,-3.31,-4.71
2025-05-26,96110.05000000,59.8,Neutral,False,4,73,1.0554,13.50,0.73,-3.79,0.39,-4.36
2025-05-27,96108.91000000,61.6,Neutral,False,4,74,1.0371,12.87,1.07,-3.63,0.30,-4.80
2025-05-28,96026.23000000,59.4,Neutral,False,4,71,1.0087,12.07,0.86,-4.48,-1.66,-4.78
2025-05-29,92877.53000000,55.6,Neutral,False,4,74,0.9917,7.96,1.28,-4.48,-1.85,-1.36
2025-05-30,91729.90000000,56.4,Neutral,False,4,60,1.0022,6.10,1.11,-0.13,0.20,0.73
2025-05-31,92361.55000000,49.6,Neutral,False,4,50,1.0164,6.37,0.47,0.33,-1.07,-1.55
2025-06-01,93173.09000000,51.9,Neutral,False,4,56,1.0322,6.86,0.48,-0.46,-1.80,-3.86
2025-06-02,92468.41000000,60.4,Neutral,False,4,64,1.0135,5.60,0.76,4.35,-0.02,-0.23
2025-06-03,92621.68000000,58.3,Neutral,False,4,64,1.0216,5.34,0.87,4.08,-1.72,0.58
2025-06-04,91723.34000000,55.4,Neutral,False,4,62,1.0234,3.90,0.68,2.95,-0.36,0.09
2025-06-05,88719.53000000,51.5,Neutral,False,4,57,1.0442,0.16,1.41,2.76,2.45,3.67
2025-06-06,91611.88000000,50.2,Neutral,False,4,45,1.0530,3.03,0.75,0.33,-2.03,1.22
2025-06-07,92663.26000000,49.6,Neutral,False,4,52,1.0549,3.79,0.36,-1.39,-4.27,-0.44
2025-06-08,92747.41000000,50.8,Neutral,False,4,62,1.0315,3.46,0.41,-1.35,-5.32,0.20
2025-06-09,96489.28000000,62.3,Neutral,False,4,62,1.0582,7.11,1.12,-4.19,-5.77,-1.77
2025-06-10,96401.56000000,64.0,Neutral,False,4,71,1.0495,6.53,0.82,-5.57,-5.18,2.09
2025-06-11,94428.32000000,59.0,Neutral,False,4,72,1.0446,4.07,0.83,-3.22,-2.65,5.91
2025-06-12,91163.79000000,56.8,Neutral,False,4,71,1.0067,0.28,1.12,-0.30,0.36,9.45
2025-06-13,91914.06000000,59.0,Neutral,False,4,61,1.0248,0.90,1.57,-2.35,-0.52,10.48
2025-06-14,91373.27000000,59.6,Neutral,False,4,63,1.0009,0.14,0.47,-2.92,0.27,12.32
2025-06-15,91495.94000000,52.5,Neutral,False,4,60,0.9741,0.09,0.94,-4.02,0.99,10.81
2025-06-16,92445.85000000,54.8,Neutral,False,4,61,0.9424,0.91,1.32,-1.65,-1.64,10.30
2025-06-17,91031.85000000,49.3,Neutral,False,4,68,0.9466,-0.80,1.54,0.41,-1.60,12.64
2025-06-18,91390.86000000,50.3,Neutral,False,4,52,0.9699,-0.59,0.92,0.58,0.95,10.99
2025-06-19,90889.81000000,57.1,Neutral,False,4,57,0.9824,-1.30,0.48,0.66,2.50,11.54
2025-06-20,89755.09000000,46.5,Neutral,False,4,54,0.9604,-2.63,1.26,1.87,2.28,12.32
2025-06-21,88706.06000000,52.4,Neutral,False,4,49,0.9769,-3.82,0.67,3.28,3.69,13.17
2025-06-22,87817.55000000,46.3,Neutral,False,4,42,1.0158,-4.85,1.73,5.22,5.59,16.40
2025-06-23,90918.18000000,55.3,Neutral,False,4,47,1.0215,-1.65,1.56,0.01,1.47,10.98
2025-06-24,91404.25000000,56.2,Neutral,False,4,65,1.0232,-1.28,0.89,-2.00,1.67,10.18
2025-06-25,91923.34000000,56.3,Neutral,False,4,66,1.0202,-0.86,0.98,0.36,3.11,8.94
2025-06-26,91491.50000000,60.7,Neutral,False,4,74,1.0187,-1.45,0.66,1.82,7.57,9.72
2025-06-27,91437.04000000,58.2,Neutral,False,4,65,1.0141,-1.50,0.52,0.40,9.38,11.09
2025-06-28,91616.41000000,49.8,Neutral,False,4,65,0.9962,-1.31,0.17,0.40,8.91,11.13
2025-06-29,92399.46000000,49.7,Neutral,False,4,68,0.9792,-0.45,0.32,0.35,9.90,10.49
2025-06-30,90926.10000000,56.5,Neutral,False,4,66,0.9747,-2.01,0.69,1.46,12.87,13.35
2025-07-01,89573.12000000,53.4,Neutral,False,4,64,0.9726,-3.40,0.83,3.75,13.19,13.19
2025-07-02,92255.32000000,53.1,Neutral,False,4,63,0.9721,-0.49,1.18,2.74,10.53,6.09
2025-07-03,93158.07000000,56.6,Neutral,False,4,73,0.9914,0.47,0.99,5.64,10.07,4.35
2025-07-04,91804.46000000,59.8,Neutral,False,4,73,1.0058,-0.97,0.63,8.94,10.49,7.46
2025-07-05,91979.02000000,51.6,Neutral,False,4,67,1.0221,-0.77,0.24,8.48,10.22,8.03
2025-07-06,92725.76000000,52.6,Neutral,False,4,66,1.0474,0.03,0.43,9.51,8.72,6.31
2025-07-07,92255.32000000,64.1,Neutral,False,4,73,1.0830,-0.41,0.74,11.25,8.82,6.93
2025-07-08,92930.24000000,58.8,Neutral,False,4,65,1.1114,0.34,0.66,9.10,10.00,8.27
2025-07-09,94785.78000000,65.0,Neutral,False,4,66,1.1053,2.34,1.57,7.58,6.46,5.62
2025-07-10,98414.78000000,71.4,Greed,False,4,71,1.1075,6.22,1.71,4.19,2.33,1.24
2025-07-11,100010.00000000,78.6,Greed,True,4,71,1.1036,7.92,2.85,1.43,0.13,2.20
2025-07-12,99780.04000000,70.5,Greed,False,4,79,1.0820,7.55,0.66,1.60,0.61,2.41
2025-07-13,101544.19000000,67.4,Greed,False,4,74,1.0923,9.29,1.06,-0.72,0.03,1.20
2025-07-14,102630.79000000,73.4,Greed,False,4,74,1.0677,10.30,2.75,-2.18,-0.79,2.11
2025-07-15,101389.79000000,60.2,Neutral,False,4,73,1.0385,8.85,1.84,0.82,0.70,0.23
2025-07-16,101968.44000000,67.7,Greed,False,4,70,1.0529,9.33,1.44,-1.04,1.08,-1.51
2025-07-17,102542.26000000,68.6,Greed,False,4,74,1.0520,9.79,1.27,-1.79,-1.12,-1.98
2025-07-18,101436.90000000,60.6,Neutral,False,4,73,1.0476,8.41,1.45,-1.27,-3.51,-1.05
2025-07-19,101378.32000000,74.5,Greed,True,4,74,1.0753,8.12,0.35,-0.98,-4.11,-1.68
2025-07-20,100815.94000000,63.6,Neutral,False,4,72,1.0371,7.33,0.81,0.75,-2.15,-3.82
2025-07-21,100388.62000000,63.2,Neutral,False,4,71,1.0333,6.71,1.20,1.42,-1.02,-2.27
2025-07-22,102220.46000000,63.6,Neutral,False,4,72,1.0371,8.43,1.20,-0.12,-3.56,-5.25
2025-07-23,100905.06000000,62.6,Neutral,False,4,74,1.0071,6.85,0.91,2.14,-2.24,-1.74
2025-07-24,100711.63000000,61.4,Neutral,False,4,71,0.9979,6.44,0.81,0.67,-0.10,-2.80
2025-07-25,100144.79000000,57.2,Neutral,False,4,70,0.9946,5.59,1.37,-2.27,-0.04,-3.34
2025-07-26,100387.94000000,56.8,Neutral,False,4,72,1.0001,5.65,0.30,-3.16,-0.75,-5.49
2025-07-27,101574.07000000,56.6,Neutral,False,4,73,0.9923,6.70,0.41,-2.88,0.63,-5.43
2025-07-28,101816.02000000,62.1,Neutral,False,4,75,0.9915,6.75,0.80,-2.41,0.36,-6.17
2025-07-29,102095.51000000,61.2,Neutral,False,4,73,0.9830,6.92,0.82,-3.44,0.65,-5.59
2025-07-30,103068.01000000,62.3,Neutral,False,4,74,1.0013,7.78,0.90,-4.29,1.68,-9.94
2025-07-31,101389.27000000,61.5,Neutral,False,4,72,0.9940,5.87,1.12,-0.76,0.24,-8.07
2025-08-01,97872.00000000,50.5,Neutral,False,4,65,0.9841,2.06,1.80,2.29,2.61,-5.37
2025-08-02,97212.40000000,53.4,Neutral,False,4,55,0.9676,1.26,0.65,2.49,3.40,-4.05
2025-08-03,98650.03000000,50.3,Neutral,False,4,53,1.0155,2.60,0.58,3.61,1.75,-3.11
2025-08-04,99362.74000000,54.9,Neutral,False,4,64,1.0028,3.17,0.82,2.84,0.32,-3.55
2025-08-05,98578.76000000,56.1,Neutral,False,4,60,0.9971,2.23,0.79,4.25,-1.64,-3.61
2025-08-06,98646.77000000,48.8,Neutral,False,4,54,0.9801,2.14,0.59,6.24,-0.54,-4.21
2025-08-07,100614.65000000,53.1,Neutral,False,4,62,0.9775,3.98,0.92,1.01,-3.74,-6.45
2025-08-08,100109.19000000,57.8,Neutral,False,4,74,0.9604,3.26,0.62,0.32,-0.96,-5.20
2025-08-09,99632.67000000,55.4,Neutral,False,4,67,0.9487,2.56,0.63,0.89,-1.75,-4.41
2025-08-10,102209.55000000,51.1,Neutral,False,4,69,0.9106,4.92,0.82,-1.80,-5.30,-6.74
2025-08-11,102185.04000000,46.0,Neutral,False,4,70,0.9462,4.58,2.03,-2.45,-7.15,-4.71
2025-08-12,102763.50000000,57.2,Neutral,False,4,68,0.9529,4.92,1.21,-5.65,-6.52,-4.19
2025-08-13,104798.96000000,63.6,Neutral,False,4,73,0.9560,6.71,1.77,-6.38,-8.84,-5.69
2025-08-14,101627.64000000,48.9,Neutral,False,4,75,0.9778,3.28,2.52,-4.70,-5.16,-3.05
2025-08-15,100428.27000000,53.8,Neutral,False,4,60,0.9998,1.87,1.05,-1.28,-7.58,-2.08
2025-08-16,100516.61000000,49.7,Neutral,False,4,56,1.0392,1.77,0.32,-2.61,-7.27,-2.41
2025-08-17,100373.92000000,61.6,Neutral,False,4,64,1.0360,1.45,0.39,-3.56,-7.73,-1.93
2025-08-18,99678.28000000,50.1,Neutral,False,4,60,1.0023,0.60,1.25,-4.82,-6.43,-1.21
2025-08-19,96960.73000000,51.8,Neutral,False,4,56,0.9798,-2.26,1.04,-0.93,-1.42,2.45
2025-08-20,98111.79000000,46.2,Neutral,False,4,44,0.9788,-1.27,0.77,-2.63,-2.32,0.47
2025-08-21,96849.87000000,52.2,Neutral,False,4,50,0.9689,-2.63,0.67,-0.48,-1.89,1.84
2025-08-22,99145.16000000,52.6,Neutral,False,4,50,0.9514,-0.45,1.30,-6.38,-4.69,-0.89
2025-08-23,97892.79000000,54.2,Neutral,False,4,60,0.9162,-1.82,0.44,-4.79,-3.85,-2.36
2025-08-24,96796.27000000,46.1,Neutral,False,4,53,0.8947,-3.02,0.96,-4.32,-1.96,-2.01
2025-08-25,94874.98000000,43.9,Neutral,False,4,47,0.9438,-4.98,1.38,-1.69,0.39,1.77
2025-08-26,96062.46000000,48.8,Neutral,False,4,48,0.9605,-3.87,1.17,-0.50,-0.77,-2.64
2025-08-27,95531.51000000,52.5,Neutral,False,4,51,0.9703,-4.45,0.72,0.32,1.92,-1.79
2025-08-28,96386.74000000,47.2,Neutral,False,4,48,0.9797,-3.62,0.60,-1.42,2.15,-2.65
2025-08-29,92818.56000000,45.8,Neutral,False,4,50,0.9913,-7.09,1.01,1.81,6.49,3.33
2025-08-30,93206.97000000,37.4,Neutral,False,4,39,0.9769,-6.57,0.34,0.99,5.71,4.62
2025-08-31,92617.19000000,50.4,Neutral,False,4,48,0.9932,-7.03,0.36,2.46,6.18,4.95
2025-09-01,93272.38000000,39.4,Neutral,False,4,46,0.9367,-6.21,0.80,2.11,5.17,8.34
2025-09-02,95584.32000000,46.5,Neutral,False,4,49,0.9178,-3.75,0.91,-0.28,2.98,7.53
2025-09-03,95840.31000000,44.7,Neutral,False,4,55,0.9054,-3.39,0.63,1.59,2.75,8.53
2025-09-04,95019.87000000,49.1,Neutral,False,4,51,0.9120,-4.08,0.80,3.62,4.54,9.44
2025-09-05,94495.17000000,42.9,Neutral,False,4,48,0.9236,-4.45,1.33,4.60,4.31,11.14
2025-09-06,94128.07000000,53.4,Neutral,False,4,48,0.9531,-4.69,0.25,4.67,4.79,12.85
2025-09-07,94899.29000000,42.6,Neutral,False,4,44,0.9566,-3.78,0.28,3.63,3.55,9.76
2025-09-08,95242.69000000,47.6,Neutral,False,4,51,0.9709,-3.32,0.63,3.00,0.36,11.34
2025-09-09,95319.63000000,50.0,Neutral,False,4,48,0.9839,-3.14,1.02,3.27,-0.49,10.34
2025-09-10,97368.09000000,50.2,Neutral,False,4,49,0.9843,-0.96,1.17,1.14,-0.84,1.30
2025-09-11,98457.63000000,50.9,Neutral,False,4,54,0.9733,0.19,0.92,0.89,-5.01,-1.65
2025-09-12,98839.63000000,51.5,Neutral,False,4,57,0.9688,0.62,0.98,-0.27,-5.07,0.51
2025-09-13,98527.66000000,51.9,Neutral,False,4,52,0.9524,0.34,0.52,0.11,-4.77,1.20
2025-09-14,98344.32000000,51.1,Neutral,False,4,55,0.9273,0.19,0.64,-0.08,-2.47,-0.86
2025-09-15,98098.92000000,48.8,Neutral,False,4,53,0.9385,0.01,1.04,-2.56,-0.60,-3.00
2025-09-16,98436.96000000,48.0,Neutral,False,4,52,0.9292,0.43,0.88,-3.65,-1.25,-5.99
2025-09-17,98475.16000000,51.2,Neutral,False,4,53,0.9166,0.54,1.64,-1.95,2.62,-7.13
2025-09-18,99332.79000000,49.7,Neutral,False,4,52,0.8975,1.49,1.35,-5.85,3.47,-7.26
2025-09-19,98569.20000000,46.6,Neutral,False,4,53,0.9035,0.77,0.82,-4.81,5.53,-5.36
2025-09-20,98633.84000000,42.0,Neutral,False,4,48,0.9296,0.82,0.27,-4.87,5.43,-3.73
2025-09-21,98264.48000000,53.7,Neutral,False,4,49,0.9539,0.42,0.36,-2.40,6.88,-4.94
2025-09-22,95584.95000000,40.1,Neutral,False,4,45,0.9518,-2.26,2.07,2.02,11.13,-3.02
2025-09-23,94848.08000000,48.4,Neutral,False,4,43,0.9776,-2.92,0.95,2.48,9.81,-0.08
2025-09-24,96551.97000000,49.4,Neutral,False,4,44,0.9929,-1.13,1.01,4.66,9.83,-1.11
2025-09-25,93524.64000000,46.5,Neutral,False,4,44,1.0092,-4.13,1.86,9.90,12.45,2.64
2025-09-26,93824.89000000,49.8,Neutral,False,4,28,1.0049,-3.69,1.28,10.86,5.12,4.93
2025-09-27,93830.45000000,41.7,Neutral,False,4,33,0.9929,-3.56,0.42,10.83,3.20,4.35
2025-09-28,95910.40000000,44.9,Neutral,False,4,37,0.9882,-1.35,0.64,9.50,3.57,1.06
2025-09-29,97511.13000000,49.6,Neutral,False,4,50,0.9662,0.40,1.20,8.93,2.26,-2.74
2025-09-30,97204.85000000,48.8,Neutral,False,4,50,0.9512,0.18,1.14,7.15,0.30,-3.68
2025-10-01,101051.02000000,56.7,Neutral,False,4,49,0.9637,4.18,3.05,4.94,-5.84,-6.10
2025-10-02,102783.86000000,61.2,Neutral,False,4,64,0.9536,6.01,1.84,2.32,-9.97,-7.31
2025-10-03,104017.50000000,65.8,Greed,False,4,63,0.9759,7.23,2.00,-5.18,-12.08,-7.87
2025-10-04,103993.17000000,62.6,Neutral,False,4,71,0.9716,7.13,0.68,-6.89,-11.42,-11.08
2025-10-05,105024.66000000,66.4,Greed,False,4,74,1.0078,8.09,1.61,-5.41,-11.18,-15.85
2025-10-06,106221.70000000,67.0,Greed,False,4,71,1.0345,9.19,1.94,-6.13,-10.61,-14.91
2025-10-07,104157.28000000,59.9,Neutral,False,4,70,1.0486,6.97,1.54,-6.40,-10.32,-15.78
2025-10-08,106039.51000000,60.8,Neutral,False,4,60,1.0412,8.70,1.01,-10.27,-12.58,-15.82
2025-10-09,105171.72000000,60.1,Neutral,False,4,70,1.0516,7.66,1.36,-12.01,-9.89,-15.94
2025-10-10,98631.01000000,48.3,Neutral,False,4,64,1.0209,0.92,5.14,-7.27,-3.19,-8.09
2025-10-11,96831.76000000,44.3,Neutral,False,4,27,1.0509,-0.87,1.67,-4.87,-0.87,-5.33
2025-10-12,99339.12000000,49.7,Neutral,False,4,24,1.0234,1.67,1.52,-6.10,-0.90,-10.47
2025-10-13,99714.00000000,47.7,Neutral,False,4,38,0.9897,1.99,0.88,-4.77,-1.80,-12.03
2025-10-14,97494.16000000,47.2,Neutral,False,4,38,0.9783,-0.33,1.16,-4.19,-0.58,-12.09
2025-10-15,95153.12000000,47.2,Neutral,False,4,34,0.9483,-2.71,0.79,-2.58,-0.32,-14.52
2025-10-16,92535.94000000,35.5,Neutral,False,4,28,0.9060,-5.33,1.18,2.42,1.18,-11.10
2025-10-17,91456.25000000,28.9,Fear,False,4,22,0.8840,-6.34,1.24,4.41,3.75,-11.39
2025-10-18,92119.04000000,25.6,Fear,False,4,23,0.8427,-5.64,0.33,4.21,3.42,-13.82
2025-10-19,93283.22000000,34.7,Fear,False,4,29,0.8489,-4.45,0.52,5.54,2.74,-14.00
2025-10-20,94955.75000000,35.9,Neutral,False,4,29,0.8680,-2.79,0.69,3.12,-2.62,-16.52
2025-10-21,93406.31000000,39.8,Neutral,False,4,34,0.8701,-4.38,1.09,3.77,-5.39,-19.67
2025-10-22,92696.16000000,33.4,Fear,False,4,25,0.8841,-5.05,0.90,2.32,-2.50,-20.27
2025-10-23,94774.40000000,36.2,Neutral,False,4,27,0.8816,-2.90,0.63,-1.21,-7.45,-22.34
2025-10-24,95484.96000000,35.2,Neutral,False,4,30,0.8927,-2.18,0.47,-0.62,-6.51,-20.95
2025-10-25,95993.86000000,39.6,Neutral,False,4,37,0.9360,-1.69,0.28,-0.75,-7.91,-20.15
2025-10-26,98448.72000000,44.7,Neutral,False,4,40,0.9679,0.74,0.52,-2.65,-7.92,-23.26
2025-10-27,97916.08000000,51.9,Neutral,False,4,51,0.9585,0.13,0.63,-5.56,-6.38,-20.32
2025-10-28,96927.13000000,53.8,Neutral,False,4,50,0.9517,-0.91,0.50,-8.82,-8.25,-18.74
2025-10-29,94844.15000000,51.5,Neutral,False,4,51,0.9502,-3.03,0.65,-4.71,-7.52,-17.31
2025-10-30,93630.04000000,45.2,Neutral,False,4,34,0.9584,-4.20,0.95,-6.31,-8.46,-16.28
2025-10-31,94888.34000000,44.8,Neutral,False,4,29,0.9748,-2.84,0.85,-5.92,-14.28,-17.87
2025-11-01,95271.65000000,39.4,Neutral,False,4,33,0.9487,-2.38,0.31,-7.21,-13.65,-21.96
2025-11-02,95835.40000000,41.3,Neutral,False,4,37,0.9221,-1.75,0.52,-5.41,-15.44,-18.07
2025-11-03,92471.51000000,35.6,Neutral,False,4,42,0.9122,-5.08,1.24,-0.87,-14.15,-13.38
2025-11-04,88374.00000000,25.8,Fear,False,4,21,0.8986,-9.11,2.28,0.63,-9.22,-10.50
2025-11-05,90381.00000000,35.1,Neutral,False,4,23,0.9200,-6.89,1.18,-2.95,-12.29,-14.99
2025-11-06,87718.40000000,36.8,Neutral,False,4,27,0.9305,-9.43,1.06,-2.29,-14.46,-12.52
2025-11-07,89267.71000000,34.8,Fear,False,4,24,0.9114,-7.64,1.15,-8.89,-17.21,-12.97
2025-11-08,88403.52000000,38.0,Neutral,False,4,20,0.8982,-8.34,0.48,-6.95,-16.74,-11.87
2025-11-09,90654.00000000,31.3,Fear,False,4,22,0.9022,-5.85,0.68,-10.61,-16.74,-12.11
2025-11-10,91670.38000000,42.0,Neutral,False,4,29,0.9261,-4.67,0.92,-13.40,-16.39,-14.19
2025-11-11,88933.96000000,37.8,Neutral,False,4,26,0.9511,-7.38,0.94,-9.79,-15.05,-11.35
2025-11-12,87715.14000000,37.0,Neutral,False,4,24,0.9450,-8.52,0.91,-9.63,-11.06,-12.24
2025-11-13,85706.67000000,31.2,Fear,False,4,15,0.9484,-10.41,1.73,-12.46,-8.10,-10.23
2025-11-14,81335.88000000,31.9,Fear,False,4,16,0.9571,-14.76,1.97,-9.13,-3.57,-7.60
2025-11-15,82262.50000000,28.4,Fear,False,4,10,0.9676,-13.58,0.73,-10.53,-4.71,-10.58
2025-11-16,81035.52000000,30.3,Fear,False,4,10,0.9549,-14.64,1.17,-6.85,-3.83,-7.73
2025-11-17,79387.48000000,22.8,Fear,False,4,14,0.9393,-16.08,1.38,-3.45,-6.35,-7.53
2025-11-18,80224.88000000,32.7,Fear,False,4,11,0.9292,-14.89,1.47,-5.83,-2.13,-9.13
2025-11-19,79271.50000000,26.2,Fear,False,4,15,0.9288,-15.58,1.16,-1.58,1.05,-5.11
2025-11-20,75030.45000000,20.9,Fear,False,4,11,0.9210,-19.65,1.46,4.97,5.42,0.56
2025-11-21,73908.18000000,13.5,Extreme Fear,True,4,14,0.9261,-20.36,2.27,6.12,3.96,2.35
2025-11-22,73604.28000000,27.5,Fear,False,4,11,0.9260,-20.16,0.59,6.50,4.26,2.30
2025-11-23,75482.99000000,27.0,Fear,False,4,13,0.9502,-17.61,0.84,3.25,2.93,-1.79
2025-11-24,76648.81000000,29.3,Fear,False,4,19,0.9665,-15.82,1.13,-3.00,1.65,-2.94
2025-11-25,75550.00000000,31.9,Fear,False,4,20,0.9631,-16.46,0.80,3.93,5.47,-2.04
2025-11-26,78018.15000000,32.2,Fear,False,4,15,0.9681,-13.23,0.81,2.67,0.83,-4.92
2025-11-27,78762.10000000,32.8,Fear,False,4,22,0.9958,-11.87,0.74,0.42,0.09,-5.33
2025-11-28,78428.58000000,36.3,Neutral,False,4,25,1.0009,-11.72,0.83,-2.03,-1.85,-4.85
2025-11-29,78385.73000000,41.6,Neutral,False,4,28,0.9911,-11.36,0.26,-2.10,-1.84,-5.57
2025-11-30,77934.38000000,40.8,Neutral,False,4,28,0.9756,-11.49,0.34,-0.31,-3.57,-3.45
2025-12-01,74350.24000000,26.8,Fear,False,4,24,0.9649,-15.08,1.47,4.79,-1.06,0.01
2025-12-02,78519.58000000,34.1,Fear,False,4,23,0.9673,-9.88,1.08,1.48,-4.78,-3.86
2025-12-03,80103.32000000,35.9,Neutral,False,4,28,0.9774,-7.70,0.92,-1.80,-8.35,-4.14
2025-12-04,79095.60000000,34.8,Fear,False,4,26,0.9654,-8.52,0.80,-0.33,-7.83,-2.18
2025-12-05,76833.54000000,34.9,Fear,False,4,28,0.9574,-10.81,0.93,0.19,-2.10,1.79
2025-12-06,76740.11000000,40.1,Neutral,False,4,23,1.0359,-10.62,0.51,0.26,-1.68,4.45
2025-12-07,77694.03000000,33.7,Fear,False,4,20,1.0235,-9.20,0.65,-3.27,-2.63,3.23
2025-12-08,77912.42000000,34.4,Fear,False,4,20,1.0385,-8.62,0.75,-5.58,-3.35,0.37
2025-12-09,79678.90000000,38.6,Neutral,False,4,22,1.0599,-6.21,1.00,-6.16,-6.96,-1.96
2025-12-10,78664.88000000,39.0,Neutral,False,4,26,1.0498,-7.08,1.04,-6.68,-5.43,-1.06
2025-12-11,78835.63000000,43.0,Neutral,False,4,29,1.0400,-6.57,1.26,-7.53,-6.12,-1.34
2025-12-12,76979.32000000,39.3,Neutral,False,4,29,1.0405,-8.38,1.02,-2.28,-3.64,1.59
2025-12-13,76940.65000000,38.6,Neutral,False,4,23,0.9570,-8.02,0.32,-1.94,-3.09,1.61
2025-12-14,75154.60000000,34.4,Fear,False,4,21,0.9365,-9.71,0.77,0.66,-0.71,8.95
2025-12-15,73563.11000000,24.4,Fear,False,4,16,0.8957,-11.09,1.52,2.36,0.62,13.20
2025-12-16,74768.85000000,25.4,Fear,False,4,11,0.8727,-9.12,1.14,-0.85,0.64,10.11
2025-12-17,73410.70000000,22.4,Fear,False,4,16,0.8639,-10.26,1.39,1.34,1.29,12.18
2025-12-18,72903.24000000,23.3,Fear,False,4,17,0.8744,-10.40,1.62,1.51,3.54,12.61
2025-12-19,75221.71000000,30.8,Fear,False,4,16,0.8788,-7.13,1.23,-1.39,2.08,7.14
2025-12-20,75449.03000000,20.2,Fear,True,4,20,0.8956,-6.40,0.33,-1.17,2.55,5.44
2025-12-21,75648.09000000,28.5,Fear,False,4,20,0.9253,-5.70,0.58,-1.36,3.39,-0.43
2025-12-22,75300.26000000,30.5,Fear,False,4,25,0.9594,-5.65,1.22,-1.70,6.44,1.72
2025-12-23,74129.69000000,34.1,Fear,False,4,24,0.9618,-6.68,1.07,1.51,8.19,2.70
2025-12-24,74396.15000000,32.2,Fear,False,4,24,0.9735,-6.02,0.65,-0.06,5.12,1.75
2025-12-25,74007.58000000,36.9,Neutral,False,4,23,0.9737,-6.12,0.52,2.00,5.55,1.84
2025-12-26,74178.50000000,32.7,Fear,False,4,20,0.9542,-5.58,0.86,3.52,4.93,-1.58
2025-12-27,74566.11000000,35.1,Neutral,False,4,23,0.9608,-4.73,0.25,3.76,4.31,-0.33
2025-12-28,74621.08000000,35.0,Fear,False,4,24,0.9555,-4.32,0.43,4.81,4.80,-0.65
2025-12-29,74020.03000000,36.4,Neutral,False,4,24,0.9577,-4.69,1.45,8.28,5.62,0.61
2025-12-30,75246.50000000,40.8,Neutral,False,4,23,0.9758,-2.70,1.16,6.59,8.82,-6.11
2025-12-31,74354.81000000,39.8,Neutral,False,4,21,0.9667,-3.48,1.18,5.17,11.99,-4.50
2026-01-01,75486.23000000,38.0,Neutral,False,4,20,0.9851,-1.70,0.52,3.48,9.06,-11.79
2026-01-02,76786.28000000,48.3,Neutral,False,4,28,1.0265,0.22,1.32,1.36,7.25,-15.44
2026-01-03,77372.45000000,39.8,Neutral,False,4,29,1.0264,1.09,0.45,0.53,6.10,-13.77
2026-01-04,78211.96000000,41.8,Neutral,False,4,25,1.0354,2.30,0.65,-0.02,3.05,-18.10
2026-01-05,80152.37000000,49.5,Neutral,False,4,26,1.0573,4.86,1.39,-2.46,-0.75,-22.79
2026-01-06,80202.32000000,53.5,Neutral,False,4,44,1.0505,4.90,1.28,2.09,-6.09,-33.45
2026-01-07,78202.06000000,48.9,Neutral,False,4,42,1.0424,2.34,1.00,6.48,-2.05,-23.47
2026-01-08,78114.96000000,45.3,Neutral,False,4,28,1.0403,2.26,1.08,5.39,-2.54,-24.77
2026-01-09,77832.59000000,44.8,Neutral,False,4,27,1.0364,1.81,1.01,5.80,-2.74,-23.54
2026-01-10,77779.53000000,49.7,Neutral,False,4,25,1.0431,1.64,0.26,5.55,-3.10,-24.26
2026-01-11,78199.99000000,42.7,Neutral,False,4,29,1.0331,2.07,0.54,3.06,-6.64,-25.95
2026-01-12,78178.78000000,39.6,Neutral,False,4,27,1.0074,1.97,1.49,1.75,-4.94,-27.77
2026-01-13,81881.81000000,52.4,Neutral,False,4,26,1.0172,6.65,1.94,-8.01,-9.46,-31.84
2026-01-14,83269.94000000,58.5,Neutral,False,4,48,1.0295,8.24,1.68,-8.01,-10.56,-30.34
2026-01-15,82327.98000000,53.6,Neutral,False,4,61,1.0173,6.90,1.28,-7.53,-14.19,-28.43
2026-01-16,82350.01000000,50.7,Neutral,False,4,49,0.9940,6.83,0.76,-8.08,-13.77,-28.01
2026-01-17,82094.98000000,59.1,Neutral,False,4,50,1.0068,6.39,0.42,-8.19,-18.90,
2026-01-18,80595.94000000,51.1,Neutral,False,4,49,1.0016,4.39,0.54,-9.42,-19.44,
2026-01-19,79550.73000000,47.3,Neutral,False,4,44,1.0010,2.99,1.10,-6.58,-16.13,
2026-01-20,75320.31000000,39.3,Neutral,False,4,32,0.9763,-2.51,1.62,-1.57,-14.95,
2026-01-21,76596.36000000,45.3,Neutral,False,4,24,0.9853,-0.81,1.61,-2.77,-19.20,
2026-01-22,76131.72000000,40.6,Neutral,False,4,20,0.9864,-1.31,1.07,-7.21,-29.89,
2026-01-23,75696.23000000,41.8,Neutral,False,4,24,0.9907,-1.78,1.06,-6.19,-20.94,
2026-01-24,75369.24000000,45.2,Neutral,False,4,25,0.9543,-2.17,0.27,-11.66,-22.03,
2026-01-25,73004.40000000,29.2,Fear,False,4,25,0.9373,-5.15,1.35,-11.06,-18.49,
2026-01-26,74317.37000000,37.8,Neutral,False,4,20,0.9350,-3.36,1.18,-10.23,-20.73,
2026-01-27,74134.75000000,41.2,Neutral,False,4,29,0.9539,-3.50,1.16,-13.59,-21.89,
2026-01-28,74475.00000000,45.0,Neutral,False,4,29,0.9548,-2.93,1.31,-16.90,-24.18,
2026-01-29,70645.80000000,25.4,Fear,False,4,26,0.9325,-7.72,2.22,-24.45,-21.00,
2026-01-30,71009.63000000,37.9,Neutral,False,4,16,0.9327,-7.06,2.09,-15.72,-18.31,
2026-01-31,66583.08000000,19.8,Fear,True,4,20,0.9287,-12.62,2.04,-11.74,-11.50,
2026-02-01,64927.96000000,26.5,Fear,False,4,14,0.9381,-14.52,1.37,-8.35,-8.69,
2026-02-02,66717.49000000,38.9,Neutral,False,4,14,0.9569,-11.97,2.43,-11.70,,
2026-02-03,64058.21000000,24.6,Fear,False,4,17,0.9573,-15.26,1.84,-9.60,,
2026-02-04,61887.02000000,23.3,Fear,False,4,14,0.9465,-17.85,1.50,-8.76,,
2026-02-05,53375.15000000,19.3,Fear,False,4,12,0.9513,-28.77,3.34,4.56,,
2026-02-06,59844.26000000,35.6,Neutral,False,4,9,0.9919,-19.86,2.94,-3.07,,
2026-02-07,58764.64000000,24.7,Fear,False,4,6,1.0128,-20.96,1.21,0.27,,
2026-02-08,59507.99000000,26.9,Fear,False,4,7,1.0282,-19.61,0.73,-0.38,,
2026-02-09,58912.98000000,33.4,Fear,False,4,14,1.0686,-20.06,1.15,,,
2026-02-10,57909.83000000,35.6,Neutral,False,4,9,1.0838,-21.05,0.66,,,
2026-02-11,56465.56000000,34.1,Fear,False,4,11,1.0920,-22.64,1.00,,,
2026-02-12,55807.32000000,36.2,Neutral,False,4,5,1.1085,-23.15,0.69,,,
2026-02-13,58009.21000000,32.7,Fear,False,4,9,1.1175,-19.77,0.53,,,
2026-02-14,58925.76000000,29.6,Fear,False,4,9,1.1069,-18.15,0.38,,,
2026-02-15,59283.68000000,31.0,Fear,False,4,8,1.1338,-17.31,0.23,,,
